CSF	WhiteMatter	GlobalSignal	stdDVARS	non-stdDVARS	vx-wisestdDVARS	FramewiseDisplacement	tCompCor00	tCompCor01	tCompCor02	tCompCor03	tCompCor04	tCompCor05	aCompCor00	aCompCor01	aCompCor02	aCompCor03	aCompCor04	aCompCor05	Cosine00	Cosine01	NonSteadyStateOutlier00	X	Y	Z	RotX	RotY	RotZ
253.23460388183597	18.24717712402344	110.12954711914062	n/a	n/a	n/a	n/a	0.0	0.0	0.0	0.0	0.0	0.0	0.0	0.0	0.0	0.0	0.0	0.0	0.0	0.0	1.0	0.0	0.0	0.0	0.0	-0.0	-0.00017029
124.32473754882812	8.198837280273438	50.53053665161133	1.40328383	23.97864342	1.29689944	0.09745256	0.1588140992	-0.0401580494	0.024318915	-0.006656693199999999	0.06312452730000001	-0.0750130155	-0.0934338331	0.0152622854	-0.1559886805	0.09574223400000001	-0.1413572919	0.3042596286	0.08962035970000001	0.0896150099	0.0	0.00259991	-0.026813	0.0454031	0.000282441	-0.0	0.0
76.78987121582031	6.641218185424805	14.968635559082033	1.27882469	21.85194588	1.15260565	0.08801791	0.08431222710000001	0.0955656729	0.0660934368	-0.0342474196	0.0019845625	0.0261619398	-0.0364126152	0.10962896189999999	-0.0942306045	0.0569230747	-0.1304311494	0.227906439	0.08960609369999999	0.0895579516	0.0	0.0	-0.0548547	0.0686721	0.000964587	-0.0	0.0
34.20177459716797	-0.9378833770751952	2.5688438415527344	1.24535358	21.28000832	1.10903513	0.12350280101369003	0.0835547641	0.0071686621	-0.0467577639	-0.0915497619	-0.0300109583	0.0599095708	-0.0026642138	0.0163736902	-0.1508444044	-0.0179598561	0.0413036542	0.1891080853	0.089577564	0.0894438713	0.0	1.01369e-09	0.0284823	0.0627444	0.000279825	-0.0	0.0
-3.725673675537109	-3.7406177520751953	5.6866302490234375	1.10475123	18.87746239	1.0127188	0.07152309601369	0.0964974332	-0.0758708541	0.0446963057	-0.0339243633	-0.0271924	0.0674544975	-0.1145019895	-0.0047417603	-0.08601904619999999	-0.0437554067	0.09594625470000001	0.1481858807	0.08953477509999999	0.0892728417	0.0	0.0	0.063	0.0444566	-9.45269e-05	-0.0	0.0
7.874223709106445	-2.6131763458251958	13.40402603149414	1.24429607	21.26193619	1.07584989	0.1272157104	0.038547510099999995	0.0725663027	0.1132879768	-0.056868286799999994	0.0053882107	0.07863069	-0.0648012145	0.1136437609	-0.020166694	-0.0194820253	-0.0040564697999999995	0.167924429	0.08947773380000001	0.0890449717	0.0	-3.12154e-05	-0.0110278	0.0641641	0.000402057	-0.0	0.00017239999999999996
11.140134811401367	-2.432025909423828	25.837242126464844	1.31404686	22.45380592	1.13689172	0.09783372520000003	0.0412651817	0.0172619114	-0.052607634900000005	-0.110462054	0.028230138999999998	0.0118131469	0.050046267	0.0377836634	-0.11858960699999999	-0.0860256939	0.0076562826	0.1309612174	0.0894064493	0.0887604064	0.0	8.33598e-05	-0.0622053	0.074779	0.000597354	-0.000460871	0.000110033
-13.068075180053713	-0.3700141906738281	31.90131759643555	1.25307262	21.4119072	1.10791731	0.1994016282	0.09365383880000001	-0.0398056779	0.0083842631	-0.0115950085	0.0413552584	0.08432483240000001	-0.1024480791	-0.0089772399	-0.1070315149	-0.056336251600000005	0.0833001803	0.1359461634	0.08932093279999999	0.0884193269	0.0	0.000117988	0.0174306	0.0276253	-0.000503077	-0.000370259	-0.000150472
-18.49112892150879	0.28037452697753906	34.54840087890625	1.12221301	19.17584038	1.01249909	0.05059613800000001	0.0787206033	0.030846897999999998	0.0878494109	0.0049851263	0.0347547182	0.015930781	-0.11527729619999999	0.09023955119999999	-0.0476714228	-0.0182751806	0.0668552488	0.109380415	0.089221198	0.08802195039999999	0.0	-0.0139476	0.0163941	0.0412669	-0.000307112	-0.000460871	0.0
6.8031044006347665	1.655862808227539	29.114429473876953	1.29162002	22.07058525	1.1209929	0.20472111724	0.0426797883	0.09607225929999999	0.0200232313	-0.048504272599999995	0.008941058	-0.0100443889	0.0089420532	0.1224398024	-0.09031048109999999	-0.0649126971	-0.0542796678	0.1271000832	0.0891072607	0.0875685299	0.0	4.01724e-06	-0.108021	0.0644945	0.000171022	-0.000294816	0.000218347
-4.6077423095703125	5.036231994628906	15.211708068847654	1.15103257	19.66829491	1.03899121	0.02401061034000001	0.0632551351	0.0251415253	-0.07257165	-0.0223691929	-0.021319923799999998	0.0006454607	0.025178165899999997	0.0133283802	-0.1371199314	-0.054199602699999995	-0.0416059009	0.0814853319	0.08897913910000001	0.0870593541	0.0	-5.72931e-05	-0.10797	0.0676466	0.000336709	-5.7486e-05	0.00020644
-16.533239364624027	7.6861324310302725	4.4769554138183585	1.21546245	20.76924133	1.07378435	0.15846038869999998	0.10617541470000001	-0.0232000939	-0.0068220873	0.0386234221	-0.0344008111	-0.0397378355	-0.1087532783	-0.012056660600000001	-0.0869163408	0.0282860307	0.0210920681	0.0726938576	0.08883685359999999	0.08649474720000001	0.0	2.39056e-05	0.00900714	0.0630715	-0.000137071	-0.000113805	0.0
-12.085197448730467	9.400976181030273	-3.7372894287109375	1.18863595	20.31084442	1.03914762	0.0774267956	0.0571172606	0.1093307322	0.0806612434	0.0190278174	-0.0906946711	0.0083804867	-0.0642215952	0.12302491	-0.0583276935	0.034867123199999996	-0.0253306076	0.056431902699999995	0.0886804268	0.08587506880000001	0.0	-0.00580754	-0.0212028	0.0867567	1.86202e-05	-0.000180401	0.00013171700000000003
7.954639434814452	12.69198989868164	6.1197547912597665	1.27508032	21.78796387	1.09387469	0.17770045	-2.46947e-05	0.0330267204	-0.0675338596	-0.0592075204	-0.1158838062	-0.043339362699999995	0.0660738495	0.0294954096	-0.1083884559	0.013047646000000001	-0.0172173414	0.0522347064	0.08850988369999999	0.0852007132	0.0	-0.0153659	-0.0820438	0.106075	0.00111946	-0.000367778	0.000603156
-6.897613525390625	15.00595474243164	23.52269744873047	1.28029323	21.87703896	1.12859666	0.11628839	-0.0116904137	-0.072200993	-0.000682379	0.014067593	-0.0765885139	0.0367387535	-0.054979300599999996	-0.0480605849	-0.0952395463	0.062428214800000006	0.041257671	0.030278335400000002	0.0883252513	0.08447211	0.0	-0.013784200000000003	-0.00279446	0.0824415	0.000935597	-0.000375971	0.000647577
4.912731170654297	18.77255630493164	39.65415573120117	1.19241822	20.37547302	1.07675934	0.061525682	-0.0837076479	0.0255431546	0.1226699275	-0.0080598699	-0.0519176642	0.0543367106	-0.07013495360000001	0.1001101563	-0.0130724942	0.11198699210000002	0.019171026100000002	-0.0201459576	0.0881265591	0.083689723	0.0	-0.000102718	0.00717669	0.0995007	0.000894803	-0.000158658	0.000489407
39.29436492919922	23.20370864868164	54.45651245117188	1.43186831	24.46708298	1.19552112	0.209454522	-0.15231463039999998	0.0149281159	0.0023824084	-0.1029309233	-0.025504682999999997	-0.0604754209	0.099755488	0.0547880591	-0.0773485141	0.0647911349	-0.0029902346000000002	-0.060355523	0.0879138387	0.0828540504	0.0	-0.00890775	-0.077369	0.148766	0.0014118	-0.000549626	0.000918212
25.58176040649414	10.999605178833008	48.67097854614258	1.29167855	22.07158661	1.14137399	0.06490679999999997	-0.1201465564	-0.068428697	-0.0446634157	0.0115206289	0.030995020499999998	0.043844151399999996	0.0566790913	-0.0732378867	-0.048279373	0.0464968034	-0.0429111763	-0.10131969689999999	0.08768712390000001	0.0819656242	0.0	-0.0125023	-0.0771976	0.179003	0.00188427	-0.000404019	0.000918212
14.477556228637695	11.447847366333008	37.64813995361328	1.22597992	20.94895935	1.07434714	0.17464611	-0.078984431	-0.065241644	0.015304271000000001	0.0733190035	0.09744124119999999	-0.0441382403	-0.0514064295	-0.0223079379	0.0005470763	0.0943899073	0.0140363095	-0.115029489	0.0874464509	0.0810250101	0.0	-0.007285589999999998	0.0210151	0.158921	0.00110364	-0.000161955	0.000918212
20.114072799682614	11.896087646484375	27.439754486083984	1.18586564	20.26350594	1.03896856	0.09723936999999998	-0.0891034677	0.0805971689	0.0181791962	0.010168229499999999	0.072361673	0.00788023	-0.0017942783	0.0856872635	-0.02400587	0.06843715759999999	0.021223803	-0.0868721086	0.08719185800000001	0.0800328071	0.0	-0.0168058	-0.00832452	0.137166	0.000448178	-8.49262e-05	0.000918212
14.962503433227539	10.420013427734377	12.626876831054688	1.37525058	23.49962616	1.18844831	0.25337762	-0.0520615711	0.0334607957	-0.1339216133	0.0064963676000000005	0.07562054530000001	-0.0422064059	0.1207412043	-0.0017199321	-0.0380316701	0.0298324589	-0.0930072912	-0.11938635	0.0869233856	0.0789896467	0.0	-0.0166516	-0.08810619999999998	0.212194	0.00171756	-0.000460871	0.00124116
-4.001077651977538	-0.3446369171142578	-8.257289886474611	1.20216513	20.54202271	1.0749253	0.06340685	-0.0062964002	-0.0375857008	-0.074757552	0.11237604539999999	0.0451651467	0.031102243300000002	-0.0188012805	-0.0866150374	0.0165549737	0.0047331989	-0.0304532448	-0.10239954779999999	0.0866410765	0.0778961933	0.0	-0.0163263	-0.0527055	0.204833	0.00163411	-0.000460871	0.000918213
-5.849912643432617	2.3858299255371094	-13.583841323852539	1.17243409	20.03399467	1.02698839	0.12755554999999996	-0.0634403207	0.0812551838	0.0646943046	0.1064544008	-0.036380281800000004	0.0325168081	-0.0313212276	0.0424493121	0.0583792135	0.0465132382	0.0087388584	-0.124772971	0.0863449758	0.07675314309999999	0.0	-0.0109544	0.00266275	0.194306	0.000980374	-0.000661706	0.00118941
4.6010589599609375	-0.06827163696289062	-10.971912384033203	1.25330222	21.41583061	1.05609715	0.11628008	-0.0912898907	0.0252910932	-0.050860500499999996	-0.0029928536	-0.0821124025	-0.0751328849	0.0613858086	0.0233832127	0.024651776400000002	-0.015411750600000001	0.0287559696	-0.0729098233	0.08603513039999999	0.0755612237	0.0	-0.00346692	-0.0482773	0.212151	0.00145628	-0.000460871	0.001066
8.198022842407228	-3.1830196380615234	-4.075807571411134	1.23641253	21.12722588	1.09557414	0.122020614	-0.054076136500000004	-0.0402634329	-0.10058126070000001	0.0339116763	-0.0533075735	0.029855113500000002	0.0430136978	-0.0767832755	0.0138269348	-0.0390310129	-0.0388352137	-0.029999019100000003	0.08571158970000001	0.0743211942	0.0	-0.000295806	-0.0979073	0.181256	0.00186174	-0.000584851	0.00130305
-3.4457321166992188	1.5869998931884766	0.9228401184082032	1.2831105	21.92518044	1.10708618	0.211648143	-0.008083257	-0.08204444059999999	-0.0093927849	0.0688446383	-0.0163156107	0.0022851026	-0.0807640727	-0.0317345234	-0.0189911584	-0.0141344996	0.019274849	-0.0234927182	0.08537440519999999	0.073033844	0.0	-0.000221773	0.00243346	0.13339100000000004	0.00110319	-0.000460871	0.000918213
-10.396617889404297	-5.412025451660156	-5.407617568969727	1.01879382	17.4086628	0.94716704	0.019033244999999983	-0.0057311054	-0.042302893099999996	0.070979374	0.0474076378	-0.0270468026	-0.0301001063	-0.08636464529999999	0.047488979800000004	0.0369592717	-0.031820186	0.0141046527	-0.0098374368	0.08502363060000001	0.0716999928	0.0	-0.000221768	0.00449275	0.144262	0.000981131	-0.000460871	0.000918213
6.501129150390625	-3.264076232910156	-8.668735504150389	1.23604286	21.12091064	1.05776274	0.13978158799999998	-0.052022817400000004	0.06963910940000001	0.0651186219	-0.0269783827	-0.0284662978	0.0063009932	-0.004232687	0.1384468277	0.0377922939	-0.0585894796	-0.0428788325	-0.0264310825	0.08465932179999999	0.07032049	0.0	0.00317047	-0.0739063	0.17545	0.00110319	-0.000460871	0.0013322
10.582469940185547	-7.276771545410156	-17.71794319152832	1.21004355	20.67664719	1.06417978	0.11131987	-0.0365863476	0.018920348899999998	-0.0744756053	-0.0628118279	-0.0374010217	-0.0620386851	0.11437513279999999	0.035636384199999996	0.0025300561999999998	-0.1109455808	-0.0199726996	-0.044650563	0.0842815366	0.0688962137	0.0	0.00327519	-0.10339	0.201711	0.00180847	-0.0006245	0.0015727
-19.4606990814209	-10.985267639160156	-22.328670501708984	1.16551471	19.91575813	1.01958179	0.14998049000000002	0.0126611601	-0.0571568853	-0.0514780793	-0.0065497896	-0.076037046	0.1278035011	-0.0299936694	-0.0673051839	-0.011356511599999999	-0.1168751298	0.0272609679	-0.0566561934	0.0838903353	0.0674280709	0.0	0.00333423	-0.019442	0.185091	0.00129891	-0.000460871	0.00125882
-31.08639144897461	-10.336343765258787	-19.316354751586914	1.02092493	17.4450779	0.93225753	0.03880307700000001	0.0199698333	-0.09047462490000001	0.0197060381	0.012971265400000001	-0.0519282578	0.055294750499999996	-0.0917439322	-0.046591941	0.0341966432	-0.0949721359	0.0329824925	-0.0226030829	0.0834857802	0.0659169963	0.0	-0.000301922	-0.000438575	0.179141	0.00110319	-0.000460871	0.00126737
-26.46354484558105	-8.885171890258789	-14.825519561767578	1.00713778	17.20948982	0.94502026	0.074309964	0.0097541897	-0.0722465277	0.0740796566	0.0314261688	-0.0138676423	-0.0019338789	-0.09549952880000001	0.015166625800000002	0.0838024035	-0.0684057597	-0.0285837135	-0.0335544427	0.08306793559999999	0.0643639521	0.0	-0.000318161	-0.0408758	0.195408	0.00142808	-0.000460871	0.00129427
-4.025758743286134	-13.034587860107422	-12.237031936645508	1.17574883	20.0906353	1.02244055	0.104839371	-0.053177098	0.070146367	0.09141029630000001	0.0086032355	-0.0213819098	0.0899020521	-0.0075068001	0.09156047210000001	0.09473811380000001	-0.09331309230000001	-0.0716987427	-0.061005865199999995	0.082636868	0.0627699271	0.0	-0.000425332	-0.0906045	0.207532	0.00193044	-0.000460871	0.0016495
8.212321281433105	1.314044952392578	6.647357940673827	1.28135252	21.89513969	1.10850024	0.14775840199999998	-0.0846536983	-0.0109687658	-0.0432949724	-0.0516550663	-0.0361235004	0.0336601204	0.0479450545	0.0166694736	-0.0251440717	-0.0621003721	0.09584316470000001	-0.0674563123	0.082192646	0.0611359361	0.0	0.00186597	-0.0158654	0.175959	0.00123532	-0.000460871	0.00156152
-8.088663101196289	-1.142988204956055	17.7075252532959	1.09986067	18.79389381	1.00750697	0.05474234999999999	-0.07379961139999999	-0.0940632337	-0.0282706968	-0.014588961899999999	-0.0490700779	0.1233061299	-0.0232534806	-0.0802437035	-0.0163964207	-0.0674299745	0.09465689740000001	-0.09231655820000001	0.0817353405	0.059463019699999994	0.0	-0.00355986	0.00693912	0.188104	0.00149592	-0.000460871	0.00158826
-7.546384811401367	-1.9974822998046875	28.36437225341797	1.18747509	20.291008	1.04371905	0.12797851	-0.0739085336	-0.124450497	0.049735267699999995	0.0232189171	0.019100477	-0.0419078751	-0.0437013129	-0.0406048705	0.0659602391	-0.0478371833	-0.0398561916	-0.1153284141	0.0812650241	0.057752242800000006	0.0	0.00197663	-0.0570136	0.21186	0.00194836	-0.000610187	0.00168117
27.88847351074219	1.5093536376953125	33.838607788085945	1.28013027	21.87425423	1.10632575	0.05945294100000001	-0.1322855326	0.0198462398	0.0636061141	-0.0119111006	0.0792773774	-0.0029740876	0.0283314415	0.046441817	0.0843484922	-0.0130414917	-0.0341124207	-0.08502554470000001	0.0807817717	0.056004694800000004	0.0	-0.000363011	-0.0715046	0.224815	0.0023083	-0.000460871	0.00176526
21.73641586303711	13.44978141784668	35.75619506835937	1.24302626	21.2402401	1.07941854	0.146910141	-0.0980231889	-0.029489279500000003	-0.0690179499	-0.0770374961	0.08997603650000001	-0.0075901793	0.0651766944	-0.0349071463	-0.057309529000000005	0.0335053066	0.0577550289	-0.1610403589	0.0802856603	0.0542214884	0.0	0.00284193	0.0108551	0.196741	0.00164287	-0.000460871	0.00176526
13.654670715332033	11.21003532409668	30.15816307067871	1.06649673	18.22378731	0.96522421	0.03898524	-0.0170018655	-0.0905132671	-0.0324457094	-0.010814901000000002	0.11248034970000001	0.07627261889999999	-0.0246848213	-0.1103850425	-0.044141733600000004	0.0592120265	0.0144580025	-0.1275160037	0.0797767688	0.0524037589	0.0	-0.00036301	0.0157159	0.171986	0.00151958	-0.000460871	0.00176526
20.496753692626953	11.593823432922365	21.75739288330078	1.1148026	19.04921532	1.00945652	0.102367216	0.0182441102	-0.0638899772	0.025105933799999997	0.033357637999999995	0.17654843620000002	-0.0993268971	-0.0460199413	-0.0457532904	0.0051695976	0.09692494859999999	-0.12399289720000001	-0.0678246346	0.0792551783	0.0505526637	0.0	-0.000271094	-0.051606	0.162097	0.00178449	-0.000697249	0.00176526
34.225067138671875	13.385327339172365	6.821470260620117	1.19908524	20.48939514	1.05964029	0.10836619600000001	0.0003721893	0.0831776538	0.0271030936	0.038776803	0.1702694664	-0.0342968566	0.0275416719	0.045091918499999994	-0.0026122896	0.1150140599	-0.1443961373	-0.0762217045	0.0787209717	0.048669381399999996	0.0	-0.00741914	-0.117371	0.167319	0.0022301	-0.000856262	0.00176526
32.544689178466804	21.901927947998047	2.6042938232421875	1.26352	21.5904274	1.09325826	0.12178449000000002	0.0475794894	0.0711668023	-0.1154676466	0.0150253197	0.1106524198	-0.07761047360000001	0.0733128881	-0.0069728261	-0.0815867224	0.1209095353	-0.025766197999999997	-0.0187093725	0.0781742341	0.046755110999999995	0.0	-0.006042	-0.0486733	0.133843	0.0020273	-0.000769399	0.00169025
-5.780707359313965	13.612377166748047	-6.5503787994384775	1.17932057	20.15166664	1.0393734	0.112190673	0.11598469900000001	-0.0131349828	-0.0817354314	0.0667905349	-0.0132711158	0.0643265984	-0.0414538696	-0.0820667293	-0.0654293306	0.0776666534	0.0239488065	-0.024449606000000002	0.0776150526	0.0448110715	0.0	-0.000249127	0.012645600000000003	0.118014	0.0018303	-0.000633231	0.00143842
-14.064112663269045	9.538644790649414	-4.661109924316406	1.11001551	18.96741486	1.00400221	0.05747488700000001	0.1016666074	-0.026313606	0.045408470599999994	0.0797113113	-0.0356451423	-0.0997262536	-0.0841671759	-0.015886982	-0.007215660600000001	0.0689162297	-0.032108736400000004	-0.0070858484	0.0770435161	0.0428385005	0.0	-0.00018109	-0.0180188	0.129926	0.00176783	-0.00072965	0.0013007
1.188127517700195	4.100656509399413	-5.09507942199707	1.24657357	21.30085373	1.08480203	0.1509885	0.0425903855	0.0803739478	0.0428476303	0.0123917956	-0.0292437033	-0.0668794404	0.0187051814	0.089716898	0.0355699658	0.012161401200000001	-0.0834859968	-0.0155060528	0.07645971559999999	0.0408386541	0.0	-0.00020434	-0.102898	0.1596	0.0020026	-0.000862061	0.00166176
5.097593307495117	-1.0311813354492188	0.4787616729736328	1.11253142	19.01040649	1.00166488	0.08084461000000001	0.055786619100000004	0.0290410394	-0.08046024339999999	-0.0310345139	-0.012308398100000001	-0.0715994958	0.0946479894	-0.0361245653	-0.0147804326	-0.0336174858	-0.0494402751	-0.013450827	0.075863744	0.0388128055	0.0	0.00212612	-0.0906088	0.179446	0.00268575	-0.00108028	0.00168797
-16.170677185058597	-0.8387994766235352	8.711780548095701	1.172297	20.03165054	1.04020464	0.18907447	0.0986275899	-0.0326021895	-0.0027404728999999997	0.0240391914	0.0062785348999999996	-0.0193406046	-0.048517509800000004	-0.0715186882	-0.0161357835	-0.018184998100000002	0.0305659976	-0.019775975600000002	0.0752556963	0.0367622446	0.0	0.00412716	-0.007431819999999999	0.126874	0.00202698	-0.000862061	0.0015384699999999997
-7.517557144165039	-0.4735651016235352	20.68210792541504	1.13583493	19.40860558	1.02187943	0.10531466	0.0538945179	0.0600610679	0.09743782109999999	-0.0059793495999999995	0.0149632327	0.0413616117	-0.0670148721	0.0547487334	0.023777426299999998	0.0022370662	0.0571156546	-0.015184704299999999	0.0746356692	0.0346882771	0.0	0.0171115	0.0319888	0.125765	0.00145907	-0.000631727	0.0013007
3.4705219268798833	-0.412043571472168	23.25692367553711	1.19477224	20.4156971	1.02404296	0.0820803	0.026142376000000002	0.0682446184	-0.0021914509	-0.09521935150000001	0.0384444175	-0.036000410499999996	0.0278490924	0.0681155915	-0.0256258114	-0.0571596866	0.0583663755	-0.030401920099999997	0.07400376139999999	0.0325922233	0.0	0.0187099	-0.0150754	0.132182	0.00114939	-0.000862061	0.0013007
2.1836996078491206	-0.679133415222168	19.341508865356445	1.26347351	21.58963203	1.11352229	0.2172203	0.0502044959	0.0164933303	-0.0730482718	-0.1107811467	0.0649053841	-0.0465606097	0.1030778051	-0.013077994099999999	-0.0413932392	-0.0819666942	-0.0530336388	-0.029138715899999997	0.0733600735	0.030475417999999997	0.0	0.0110222	-0.115545	0.189728	0.00188528	-0.000862061	0.00159515
-14.957127571105955	-7.153256416320801	0.09015274047851562	1.18298709	20.21431923	1.05549824	0.07066014999999998	0.0955600159	-0.0368059842	0.0047934566	-0.0068642536	0.0814807397	-0.012348455800000002	-0.015671995	-0.0815559695	0.018959623000000002	-0.0889951125	-0.0581708066	-0.0502134137	0.07270470799999999	0.0283392087	0.0	0.0150947	-0.0698374	0.202212	0.00183364	-0.00086206	0.0017114299999999997
-15.04228973388672	-1.3793306350708008	-2.7529964447021484	1.2027384	20.55181885	1.06371903	0.17185418999999996	0.062468301	0.0696847117	0.08597919130000001	-0.0420608466	0.052594139000000005	0.07030094370000001	-0.0484351152	0.030512325099999998	0.0303236064	-0.0202729783	0.05336568480000001	-0.073043577	0.0720377692	0.0261849558	0.0	0.007306069999999999	0.007390909999999999	0.159806	0.00130088	-0.000537945	0.00167968
-4.480968475341797	-2.1195669174194336	-6.945758819580077	1.11925542	19.12530136	0.96961951	0.045115640000000005	0.012948604499999999	0.0714046748	0.0054705712	-0.11002929789999999	0.0200711305	0.0324045766	0.0380365815	0.03764862	-0.0195492299	-0.0590018017	0.07070593309999999	-0.04721033	0.07135936309999999	0.024014030800000002	0.0	0.0100439	-0.0115609	0.165494	0.001368	-0.000699875	0.00155397
-10.73800563812256	-1.1815786361694336	-9.150236129760742	1.19588041	20.43463326	1.04536068	0.16495760999999998	0.0112997776	-0.0041044711	-0.06906409549999999	-0.1408023032	0.017590831499999997	-0.0053888041	0.107471704	-0.0247522968	-0.0374364402	-0.0817374788	-0.0411465493	-0.0487817205	0.070669598	0.021827816	0.0	0.00903854	-0.103906	0.199155	0.00191306	-0.0007852179999999999	0.00168249
-1.828540802001953	-8.71234130859375	-17.049053192138672	1.11792946	19.10264397	1.00823212	0.04740525999999997	0.0186968811	-0.0696624691	-0.024085567599999996	-0.029562837999999998	0.0207520518	0.0824878714	-0.006826357	-0.10144789119999999	-0.0203791849	-0.08817777939999999	-0.0508991161	-0.0062761922999999996	0.0699685835	0.0196277033	0.0	0.00500488	-0.107609	0.201283	0.00230682	-0.00086206	0.0019627
-12.331671714782715	-3.5194711685180664	-16.461540222167972	1.18709779	20.28455925	1.0450052	0.18455347	0.026335328199999997	-0.0635670446	0.0614535203	0.0319375369	0.0129061681	-0.038201554	-0.06805434440000001	-0.016962029	0.0382337545	-0.023078399	0.0168973638	-0.0308544157	0.0692564312	0.0174150935	0.0	0.0150515	-0.0170694	0.169303	0.00167652	-0.0007684449999999998	0.00164687
-15.373866081237793	0.05962944030761719	-15.327152252197266	1.1496166	19.64410019	1.05308819	0.09785139	-0.0133086927	0.0423930303	0.0804820718	0.0002729319	-0.06727158400000001	0.0511888067	-0.0503578087	0.0605788075	0.0315636277	0.0003713031	0.08283809219999999	-0.0462910396	0.06853325440000001	0.0151913955	0.0	-0.00412019	-0.0134979	0.150052	0.00116158	-0.000583651	0.00122946
-7.368208885192871	1.2920503616333008	-20.53651428222656	1.6035372	27.40047836	1.35620379	0.29293455	-0.03139244	0.073063435	0.0005480888999999999	-0.036488705499999996	-0.0932894378	-0.0657995178	0.0854979216	0.0848952973	0.0538523447	-0.043744465700000006	0.0087588888	-0.0180771178	0.0677991684	0.012958025	0.0	-0.00407569	-0.0740003	0.259043	0.00298113	-0.000265603	0.0008991249999999998
-20.402101516723636	-9.977970123291016	-29.70876693725586	1.25150371	21.3850975	1.09886479	0.09609742	-0.0205055253	0.0275013887	-0.0841037994	-0.022800297999999997	-0.1092016583	-0.0776542773	0.1192931166	-0.0282247682	0.0469488842	-0.10963338210000001	-0.0168808155	-0.0088806314	0.06705429	0.010716404099999998	0.0	-0.00417011	-0.0854802	0.302983	0.00366263	-0.000244676	0.00100836
-32.585899353027344	-10.036563873291016	-27.95230865478516	1.24998868	21.35920906	1.07832766	0.20323095	0.024741675499999997	-0.0526678783	-0.022513933700000002	0.0651904165	-0.1349756379	0.0221789235	-0.0381447896	-0.0977230342	0.0603694795	-0.05665323059999999	0.09456107949999999	-0.033310740299999995	0.0662987377	0.00846796	0.0	-0.00139926	0.0277124	0.257815	0.00314125	-0.000346786	0.00122686
-36.517250061035156	-5.359807014465332	-19.799365997314453	1.05480623	18.02402496	0.94891864	0.05084319000000001	0.008856834000000001	-0.0635503895	0.0692584286	0.0779867903	-0.1123400164	-0.0702352412	-0.0697042962	-0.0041144148	0.116256087	-0.0073204678	0.092533886	-0.0482008108	0.06553263179999999	0.0062141243	0.0	0.00652613	0.0446523	0.241001	0.00304924	-0.000404104	0.00119291
-16.499385833740234	0.8247623443603516	-10.89251708984375	1.27018487	21.70431328	1.08017266	0.17050941000000003	-0.0706406768	0.07449693610000001	0.0776678128	0.0054079591	-0.1013752073	-0.0081224799	0.027632789100000003	0.1024814316	0.1134313088	-0.0013479257999999999	-0.0011551399	-0.0310699059	0.0647560942	0.0039563321	0.0	0.00717584	-0.058335	0.277175	0.00352718	-0.000332756	0.00125759
-4.092362403869629	-3.563422203063965	-0.4055900573730469	1.24836338	21.33143806	1.07244635	0.05025117999999997	-0.07402344599999999	0.0016453001000000002	-0.0775622361	-0.024152904399999998	-0.0632433181	-0.0745243685	0.1151389204	-0.0149796596	0.025833924100000002	-0.0526429486	-0.0172619075	-0.0395805736	0.0639692486	0.0016960208	0.0	0.00224636	-0.0739582	0.279958	0.00372993	-0.000301576	0.00156197
-5.0539894104003915	6.741752624511719	12.553016662597654	1.239501	21.18000031	1.0804615	0.22318356	-0.0506036901	-0.0562605634	-0.03569342	0.0542527605	-0.023145474500000002	0.054732809400000006	-0.0157970902	-0.0829378696	0.0243744244	0.049547764	0.0857577099	-0.0655368856	0.06317222019999999	-0.0005653703	0.0	0.00640693	0.00180164	0.212805	0.00272544	-0.000448639	0.00119132
-9.272454261779783	4.3394079208374015	12.345605850219727	1.08232331	18.49422455	0.97276247	0.10110001	-0.0243410777	-0.0699004022	0.0124128662	0.0880958988	0.0369424169	-0.06165240809999999	-0.0362926945	-0.0474776037	0.0668402892	0.0620240143	-0.024290683900000002	-0.05669581480000001	0.0623651359	-0.0028264014000000002	0.0	0.00621941	-0.0436994	0.222454	0.00346616	-0.00028884	0.00120605
-0.3551750183105469	0.35014915466308594	6.86573600769043	1.18880308	20.31369972	1.03808129	0.14378443	-0.06690598099999999	0.0844293875	0.057990523499999995	0.09097161949999999	0.0321731027	-0.0205622573	0.0261792744	0.0760952021	0.090512235	0.0444095657	-0.0840167458	-0.0365826676	0.0615481242	-0.005085633	0.0	0.00582988	-0.11053	0.25863	0.00391998	-0.000452216	0.00139662
11.189056396484377	3.262257575988769	4.079225540161134	1.2203722	20.85313797	1.04271007	0.07325499000000002	-0.0756092223	0.0235469521	-0.0784640522	0.0331926148	-0.0132276438	-0.1073887632	0.1129562193	-0.0148480323	0.0144017007	0.0380296772	0.008700607800000001	-0.0643574353	0.0607213151	-0.0073416265	0.0	0.00668057	-0.0693492	0.248643	0.00374257	-0.000262146	0.00145387
-7.720813751220702	5.618213653564453	2.658926010131836	1.100137	18.79861641	0.98806351	0.13005128999999999	-0.0375006919	-0.061906835199999996	-0.047578588899999996	0.0738562485	-0.0649871362	0.0248322581	-0.0028634153000000003	-0.1173538558	0.0085050122	0.058643892	0.0702285992	-0.0615728589	0.0598848402	-0.009592945600000001	0.0	0.00694973	-0.00875742	0.209518	0.00336602	-0.000400253	0.00136722
-14.378729820251465	5.881396293640138	6.076518058776856	1.15568185	19.74773979	1.03313601	0.09336126999999997	-0.020721485300000002	-0.1081587692	0.0235860312	0.0790692717	-0.0681406469	-0.1054341427	-0.05881779400000001	-0.0887841889	0.0450540253	0.0593768597	-0.009956966999999999	-0.0320965613	0.059038832699999995	-0.0118381568	0.0	0.00685479	-0.0493246	0.235102	0.00328514	-0.00020988	0.00109617
2.929173469543457	1.9683094024658203	0.1972341537475586	1.30928802	22.37248802	1.14247251	0.15495105999999997	-0.0782492498	0.059808787599999996	0.08756399710000001	0.056976115099999995	-0.0448598147	-0.033663884500000005	0.0016862904000000001	0.0674751734	0.10924132019999999	0.0338776509	-0.1032139218	-0.06464660900000001	0.05818342730000001	-0.0140758305	0.0	0.0197921	-0.128183	0.269555	0.00309005	-0.000417837	0.00126717
1.8127603530883791	-1.2318859100341797	-0.4486513137817383	1.26550829	21.62440109	1.08352208	0.1650218	-0.0678371087	0.0111553729	-0.0526974605	-0.0182182076	-0.04562971019999999	-0.056335351500000005	0.0811549546	-0.0076739726000000005	0.014955028600000001	0.0151103424	0.0415323443	-0.0244931854	0.05731876	-0.0163045422	0.0	0.0235697	-0.0248654	0.243758	0.00328514	-0.000141335	0.00109617
-16.963319778442386	2.255417823791504	-2.550591468811035	1.04081094	17.78487968	0.96232367	0.05087401	-0.0139021422	-0.0343518329	-0.0773382197	0.0116203577	-0.0343201856	0.082162273	0.0110099206	-0.0912982495	0.008461219399999999	0.0121955399	0.0879130339	-0.0088874589	0.0564449687	-0.0185228726	0.0	0.0222807	-0.00981504	0.215357	0.00328514	-0.000264008	0.00109617
-19.67201805114746	-3.751419067382813	-8.868351936340332	1.20133698	20.52787209	1.06757629	0.16529216000000002	0.0126062864	-0.0924549603	-0.025463983199999998	0.0421235145	0.0001724355	0.0283469321	-0.0319569579	-0.1120609117	0.0496610522	-0.0098346921	-0.0778850415	0.0019901038	0.0555621922	-0.0207294095	0.0	0.0167992	-0.088878	0.260266	0.00357428	-0.000499962	0.00128785
-8.363137245178223	-9.345170021057127	-22.454666137695312	1.15617156	19.75610733	1.02919126	0.06692725	-0.036867322200000004	0.0176921711	0.056382277800000005	0.0542026896	0.020885491000000003	-0.0037907288	0.0010653425	0.016468868600000002	0.1353099827	-0.0223237167	-0.10849969529999999	-0.0011414449	0.0546705713	-0.022922747799999997	0.0	0.0198575	-0.102765	0.287761	0.00381969	-0.000598141	0.001394
-1.6670503616333008	-7.104448318481445	-24.18648910522461	1.225685	20.94392014	1.04126918	0.1491166	-0.0565396226	-0.013395228	-0.051859883499999995	-0.0500659565	-0.0317014091	-0.039019089300000004	0.06803221150000001	-0.0053208861999999996	0.0433485694	-0.0292644546	0.0758167704	-0.0093754287	0.053770247699999996	-0.025101491200000003	0.0	0.0211944	-0.0139268	0.255155	0.00336077	-0.000636151	0.00142378
-10.09986972808838	-7.245562553405763	-21.931007385253906	1.08896148	18.60765457	0.9845944	0.06524960000000002	-0.00819132	-0.0726236578	-0.0082995853	-0.007449621500000001	-0.052767612400000004	0.10550381800000001	-0.011877988600000002	-0.0902289007	0.0255975035	-0.034711878599999996	0.0650956607	0.0120703757	0.0528613649	-0.0272642523	0.0	0.0249234	-0.0192514	0.234418	0.00316404	-0.000451311	0.00109617
-13.29636001586914	-15.171833038330078	-25.996814727783203	1.21131599	20.69838905	1.06210506	0.1662255	0.0016362393	-0.0838497473	0.0585630075	0.0220650223	-0.0018490520000000001	-0.08945158869999999	-0.0415456437	-0.0704708399	0.1105794863	-0.0683238478	-0.1125331649	0.0386377276	0.0519440675	-0.0294096541	0.0	0.0285868	-0.108421	0.281668	0.0035295	-0.000608701	0.00109617
-2.949395179748535	-13.859822273254395	-30.31164741516113	1.18414903	20.23417282	1.04173386	0.06891709999999998	-0.0074280899	0.0423210071	0.0088800557	-0.0505308509	-0.0055568251	0.0179678806	0.0195413922	0.0201293974	0.0838920122	-0.0650752213	-0.0070909332999999995	0.0538809666	0.0510185014	-0.0315363307	0.0	0.0307471	-0.08513819999999998	0.254869	0.00372775	-0.000683261	0.00115686
-30.450084686279297	-8.973104476928711	-22.24561882019043	1.14243782	19.52143097	1.0219872	0.16176556999999997	0.0493477479	-0.0299773197	-0.036868128199999996	-0.06893087519999999	-0.028153972200000002	0.1274805086	0.0275836821	-0.0543433163	0.009071718000000001	-0.0558027459	0.1174229442	0.033213036099999996	0.0500848142	-0.0336429279	0.0	0.0317244	0.00904347	0.223365	0.00328514	-0.000484509	0.00109617
-38.692474365234375	-3.6698827743530273	-11.616113662719727	1.07069623	18.29554558	0.96004295	0.04768497000000002	0.0542532778	-0.098256375	0.0710379357	-0.033207317	0.0046368244	0.030825216800000003	-0.0592307847	-0.0722464912	0.0394790536	-0.027276639300000002	0.043040527099999996	0.034247027799999996	0.0491431543	-0.0357281045	0.0	0.0296072	-0.00855815	0.216058	0.00289693	-0.000509482	0.00109617
-7.041797161102295	-5.872520446777344	-9.636999130249023	1.23812854	21.15654945	1.07482791	0.21122585000000002	-0.0197935132	0.032633291200000004	0.1334514423	-0.060137734400000004	0.05844430900000001	0.040872209	0.0004230596	0.0695912724	0.0976711676	-0.015003564099999998	-0.0815985917	0.0212804283	0.0481936716	-0.0377905329	0.0	0.0223115	-0.100291	0.264313	0.00364403	-0.0008620579999999999	0.00127534
17.516593933105472	5.31546688079834	-6.31511116027832	1.18575907	20.26168442	1.03033364	0.06023385000000001	-0.013824208000000001	-0.026764177400000002	-0.0179344328	-0.09499597039999999	0.0433818042	-0.0800709589	0.1106049556	-0.013850129	-0.0310947652	0.0322412458	-0.0195517039	0.0282188767	0.047236517400000004	-0.0398288999	0.0	0.0169813	-0.0905957	0.234498	0.00384084	-0.000756271	0.00128061
-0.911341667175293	8.643102645874022	-11.310606002807615	1.10986423	18.9648304	0.99943715	0.14548825	0.0254825803	-0.0839526649	0.0039639649	-0.009855418000000001	-0.0057773336	-0.0001000948	-0.0252235392	-0.0704320734	-0.0219907667	0.0629506875	0.0131118953	0.0192727483	0.046271844000000006	-0.0418419076	0.0	0.0240848	-0.0105294	0.211611	0.00351649	-0.000461472	0.0011911300000000003
-9.805585861206056	8.292028427124022	-16.392038345336914	1.10871482	18.94518852	0.99124497	0.0609289	0.0007059022	-0.0388818416	0.10549973359999999	0.018729936399999998	-0.0330288386	-0.1270539822	-0.0339831347	0.0136340083	0.0537893831	0.0906482925	-0.0166811633	-0.0035094555	0.045299804900000004	-0.043828274400000006	0.0	0.0244673	-0.0329695	0.234441	0.00356672	-0.000621808	0.00109617
17.539426803588867	7.743687629699707	-21.52815818786621	1.22146785	20.8718586	1.0609796	0.18468875	-0.024122396600000002	-0.0026080559	-0.011122546499999999	-0.0501287736	-0.0313218428	-0.14629026369999998	0.09033828140000001	0.0127518076	0.0009829063	0.06213161	-0.10009085529999999	-0.005636950799999999	0.0443205548	-0.045786735499999995	0.0	0.0325461	-0.120266	0.263993	0.00432394	-0.0008620569999999998	0.0012939300000000004
5.819009780883789	6.3965187072753915	-19.083223342895508	1.17852128	20.13800812	1.05135489	0.18075205	0.0344986522	-0.0658748208	-0.0099794923	-0.0063749189	0.0097978563	0.0149795472	-0.007010484599999999	-0.0911979556	-0.0177844298	0.0753588671	0.0390230874	0.0057851537	0.0433342497	-0.047716044000000006	0.0	0.0305872	-0.0212015	0.219716	0.00386117	-0.000628704	0.00128102
-6.382363796234131	6.918979167938232	-18.831647872924805	1.02484775	17.51210976	0.93930447	0.07647726999999999	0.0632085225	-0.0502522235	0.07873279009999999	0.019916883899999998	0.0451323271	-0.0875253892	-0.0545364069	-0.028736223199999997	0.047053982800000005	0.119045359	0.0208388082	0.0152051172	0.0423410466	-0.0496149715	0.0	0.027575	0.00581487	0.203854	0.00357719	-0.000771608	0.00109617
2.397219657897949	-0.297330379486084	-21.8134708404541	1.11374176	19.03108788	0.98320991	0.08386541999999998	0.0329744211	0.082475961	0.052713702800000005	-0.0589371088	0.052008653499999995	-0.0340537204	0.0282848869	0.0547464573	0.037630948500000004	0.0503241249	0.0070038751	0.057159862	0.041341103500000004	-0.0514823088	0.0	0.0311857	-0.0397908	0.223173	0.00381419	-0.0007652769999999998	0.0010329
-3.0561070442199707	-1.3588547706604004	-26.1712703704834	1.19047534	20.34227371	1.04847336	0.1974573	0.0798542993	0.0333418908	-0.0754568163	-0.08436581439999999	0.08441852949999999	-0.052564017000000005	0.1193562605	-0.0261469223	0.005706505600000001	0.0086878172	-0.09208502029999999	0.0625924492	0.040334579599999996	-0.0533168672	0.0	0.0402963	-0.134898	0.265428	0.00467383	-0.0008620569999999998	0.00109617
-24.82535171508789	-12.366180419921875	-36.04469680786133	1.1084522	18.94070244	0.99922979	0.117934	0.13179100259999998	-0.004206968	0.0084740172	0.0035851129	0.0873155931	0.017737796899999998	-0.0134730746	-0.07841757719999999	0.0529477627	-0.0238082702	-0.034549741099999996	0.0742261942	0.039321635099999995	-0.0551174785	0.0	0.0432108	-0.0607825	0.242431	0.00431569	-0.0008620569999999998	0.00109617
-17.215690612792972	-7.021942615509032	-30.533355712890625	1.15321994	19.70567131	1.01490247	0.17546045	0.0853002401	0.1161100258	0.0726513748	-0.0348360779	0.049670827	0.1075066566	-0.006633647800000001	0.0725155064	0.0339988596	0.0124753303	0.09899538570000001	0.0841440845	0.0383024313	-0.0568829962	0.0	0.0421547	0.0180698	0.203179	0.00338472	-0.0008620569999999998	0.000901139
-21.667064666748047	-5.29342794418335	-20.939983367919922	1.22265887	20.89221001	1.06088388	0.13817299999999996	0.08224090469999999	0.0376859414	-0.0752883515	-0.1138863174	0.0240138567	0.0034633477	0.0858172582	-0.007652956999999999	-0.0080806711	-0.0394657093	0.0537552263	0.0711130511	0.0372771305	-0.0586122963	0.0	0.0415442	-0.0317027	0.249855	0.00404127	-0.000789533	0.000807933
-19.039825439453125	-13.694795608520508	-26.40129852294922	1.17443573	20.06819725	1.03936756	0.11132665	0.0895240019	-0.0146838249	-0.035051117799999996	-0.0173393171	0.0172605394	0.0974423623	-0.0004662892	-0.0820838142	0.054728817400000004	-0.0616627352	-0.045455658499999996	0.08967792949999999	0.036245895800000004	-0.0603042776	0.0	0.0429709	-0.110486	0.249971	0.00457624	-0.000787006	0.0008904489999999998
-29.382312774658203	-14.12350845336914	-23.12530899047852	1.37110102	23.42872047	1.19889271	0.163907838	0.015567293500000001	0.10111189849999999	0.08578539060000001	0.0310970354	0.0095784042	0.08354991490000001	-0.0286532103	0.0575271087	0.1479614747	-0.0346347387	0.0760267708	0.0662519033	0.035208891400000004	-0.0619578629	0.0	0.0303651	-0.000929662	0.250034	0.00483327	-0.000427703	0.00110777
-20.58856964111328	-13.13425064086914	-9.999709129333496	1.2693795	21.69054985	1.12366295	0.059099438	0.0072882039	-0.0068361538000000005	-0.0236558083	0.0014283529	-0.0361607072	0.0758878168	0.0278572498	-0.0247389323	0.0798121879	-0.0945262763	0.0412285452	0.0401646624	0.0341662823	-0.06357199940000001	0.0	0.0263407	-0.0269192	0.267442	0.00480834	-0.000581253	0.0010527
-9.973048210144043	-7.527806282043457	9.281163215637207	1.09974992	18.79200172	0.98776478	0.09912825000000003	-0.044267657099999996	0.022007980899999998	0.0660729781	0.04507698190000001	-0.027926155299999998	0.0434525144	-0.0299613718	0.0028019976000000003	0.12638504650000001	-0.0051399079999999995	0.0910655141	0.054799152000000004	0.0331182346	-0.06514565929999999	0.0	0.0246153	0.0245211	0.2357	0.00457624	-0.000613684	0.00103282
7.436906337738037	-1.0058345794677734	26.285667419433594	1.27495611	21.78584099	1.07823896	0.1779002	-0.0772115135	0.0304825797	-0.0645158436	-0.0214482824	-0.0187973355	-0.0754880636	0.11871335150000001	0.034344236	0.0405665238	-0.0184346137	-0.0169292017	0.031414494	0.032064915	-0.0666778406	0.0	0.0255966	-0.07812819999999998	0.271788	0.00498347	-0.000862056	0.00114085
8.275083541870117	-3.38620662689209	24.007946014404297	1.16104043	19.83930397	1.02672911	0.03682269999999997	-0.0211323112	-0.030290652	-0.0617938521	0.0624658649	0.025426070699999997	0.038203027	0.0110785122	-0.0835923463	0.0551709529	0.0031647533000000003	-0.0307531377	0.026734688700000002	0.031006491299999998	-0.06816756780000001	0.0	0.0248011	-0.074077	0.254714	0.00523131	-0.000862056	0.00119105
9.630350112915039	0.4922103881835938	20.446044921875	1.2288456	20.99792671	1.06131375	0.18235749000000004	-0.0252385584	0.058052739900000004	0.0335700419	0.07860933190000001	0.0697972031	0.014834432199999999	-0.0277783014	0.035401279300000005	0.0702972964	0.0765539025	0.0745504016	0.030978578399999998	0.0299431318	-0.0696138925	0.0	0.0239581	0.00428349	0.206161	0.00425815	-0.000862056	0.0010721900000000002
16.54176902770996	7.153342247009277	5.292346954345703	1.12997222	19.3084259	0.99067229	0.043606439999999996	-0.0338706913	0.0997100675	-0.0591804762	0.0114850094	0.0629349105	-0.0408564739	0.0495386429	0.0510347354	0.007229608100000001	0.0852610409	0.0490963633	0.0307984294	0.028875006	-0.0710158936	0.0	0.0263972	-0.0234394	0.198961	0.00422229	-0.0008097869999999999	0.00103543
0.09088373184204103	3.1328334808349614	-15.001976013183596	1.2658987	21.631073	1.10109544	0.20718875000000003	0.0108204267	0.0428371966	-0.1483922285	0.0089611051	0.0540769211	-0.0384923192	0.1360158312	-0.0425094395	-0.0217256366	0.031776605699999995	-0.0701326954	0.0302726236	0.0278022837	-0.0723726786	0.0	0.0265724	-0.130961	0.245109	0.00488406	-0.000862056	0.00138827
-2.387833595275879	-1.5092568397521973	-34.19571304321289	1.17931366	20.15154839	1.03804278	0.08116639999999999	0.0419738708	-0.016176195600000002	-0.08789146169999999	0.12193467109999999	0.0666375023	0.047869234100000005	-0.0200552043	-0.1050867481	0.017566936499999998	0.0811677412	-0.0381000468	0.055616730999999996	0.0267251358	-0.0736833836	0.0	0.0271155	-0.0749709	0.224419	0.004857	-0.000810252	0.00138827
-6.598484992980957	1.3266797065734863	-41.64726257324219	1.15836155	19.79352951	1.00908422	0.14742388	0.009529242	0.0559518588	0.013820411699999998	0.12737042140000002	0.0694122005	0.0641964421	-0.0189168272	0.014663267399999999	0.0594465643	0.11843770810000001	0.037388080899999995	0.044845143899999995	0.0256437338	-0.0749471741	0.0	0.0231286	-0.00019242	0.199742	0.00412914	-0.000798592	0.00124816
6.693305969238281	-1.053692102432251	-37.06170272827149	1.18130195	20.18552399	0.97976041	0.05113542999999999	-0.049378622999999996	0.10663496130000001	-0.0544621712	0.054154252	0.015475146399999999	0.0537796847	0.06240888	0.029646867400000002	0.010989154	0.043890180599999995	0.09664875949999999	0.0555671108	0.024558249700000003	-0.0761632453	0.0	0.0303302	-0.015668999999999995	0.215867	0.00418714	-0.0007992369999999998	0.00106016
-10.631114959716797	-1.7455878257751465	-24.47516632080078	1.23156321	21.04436493	1.07062888	0.16274875000000003	-0.0350449938	0.0027243494	-0.1094287727	0.015419153500000001	0.0203410696	0.094652598	0.1124404282	-0.0501638495	0.0159673453	0.0047951129	0.0061145178	0.0363006577	0.0234688563	-0.07733082299999999	0.0	0.032273	-0.10608	0.252616	0.00468805	-0.000862056	0.0011693500000000004
-13.541961669921875	-7.634748458862305	-9.608356475830078	1.1384939	19.45404053	1.00211215	0.08664945	-0.034173524	-0.0731036692	-0.025112413599999998	0.0845287979	0.0436445617	0.066346669	-0.014687093899999998	-0.0774953783	0.0740161928	0.0071179335	-0.0375374288	0.041727372	0.0223757271	-0.0784491639	0.0	0.0227148	-0.0813012	0.264925	0.00495735	-0.000550207	0.00138827
-4.633960723876953	0.2563636302947998	14.563140869140625	1.23828578	21.15923691	1.05797064	0.15757548000000002	-0.1011579965	0.054133347699999994	0.0799076343	0.0182868947	0.0372875854	0.1552607573	-0.0089228155	0.0657069164	0.0856583049	0.05258354	0.11191540330000001	0.012089546699999999	0.0212790361	-0.0795175558	0.0	0.0169291	0.00653963	0.228084	0.00462895	-0.000763966	0.00138827
9.874138832092283	5.417984008789063	40.23854446411133	1.10857821	18.94285583	1.00323701	0.08669002	-0.1483785286	0.026237782999999997	-0.006083014	-0.063162614	0.0583040479	0.0668679575	0.0569410232	0.0306678046	0.0016532598	0.0439178116	0.1557210483	0.0032964351	0.0201789579	-0.0805353185	0.0	0.0264014	0.0212194	0.199147	0.00436191	-0.000512917	0.00123434
10.465733528137207	5.004897117614746	44.74402618408203	1.08920872	18.61187935	0.97862047	0.09253715	-0.13291328089999999	-0.00039518	-0.0773835613	-0.0593659488	0.0593382157	-0.0063683706	0.1130824204	-0.0323953006	-0.0238562778	0.0331919004	0.0549361559	0.0146357143	0.0190756675	-0.081501804	0.0	0.02775	-0.0467757	0.2143	0.00436191	-0.000469318	0.00111713
4.644242286682129	-3.3798694610595703	29.76708602905273	1.12962937	19.30256653	1.02964592	0.16969649999999997	-0.082617573	-0.0071534249	-0.1276939101	0.0090454937	0.09502539189999999	0.0144255598	0.11105109839999999	-0.0997908807	-0.014759717700000001	-0.020307341200000002	-0.0723709446	0.0237427802	0.0179693406	-0.08241639690000001	0.0	0.022661	-0.140032	0.247577	0.00481576	-0.000505812	0.00138827
10.655271530151367	-1.5644404888153076	14.342880249023438	1.15401018	19.71917534	1.02951682	0.06106209999999997	-0.0243715406	-0.0423610829	-0.1114761143	0.1400118371	0.0979364849	0.012700813200000001	-0.007095632199999999	-0.119254881	0.037446157599999995	0.0566596221	-0.045352231900000005	0.0180814691	0.0168601533	-0.0832785149	0.0	0.0167382	-0.0951154	0.240735	0.00481018	-0.000443778	0.00138827
-11.707235336303713	4.989269256591797	5.853243827819824	1.22818387	20.98661995	1.0409987	0.15938969	0.040379213	-0.0072952489	-0.02455611	0.18555921260000002	0.069429325	-0.08243715389999999	-0.055206583200000006	-0.042047601799999994	0.0445634699	0.11742437300000001	0.0425699048	0.0064611621	0.015748282199999998	-0.0840876092	0.0	0.0142599	-0.008128959999999998	0.207344	0.00409618	-0.000427099	0.00138827
-17.14737892150879	1.2187607288360596	-6.531899452209473	1.02637839	17.53826332	0.94538271	0.021002609999999963	0.0064993546999999995	0.0949477823	0.0197231004	0.1016240946	-0.0040954145	0.0069226255000000006	-0.0116576951	0.08745739470000001	0.0494119029	0.0838836488	0.0720762004	0.0322266204	0.014633904199999999	-0.08484316439999999	0.0	0.0167345	-0.00616415	0.213855	0.00393966	-0.000382575	0.00138827
-12.347776412963867	-2.6328024864196777	-10.80571460723877	1.12556016	19.23303413	0.98110265	0.1159121	-0.0401889494	0.0833057416	-0.0073855606	0.0205370494	-0.039207022700000004	-0.0507704449	0.0778341697	0.0631668727	0.0270014316	0.0179953821	0.0366976354	0.0517528196	0.0135171967	-0.08554469960000001	0.0	0.0168679	-0.0658557	0.244832	0.00412839	-0.000624888	0.00131711
-3.109208345413208	-4.898916721343994	-13.882264137268065	1.13871539	19.45782471	1.0138526	0.17534224999999998	-0.0427996647	-0.0028092093	-0.1001377433	-0.024667141	-0.0324573619	-0.09520155720000001	0.1467485686	0.0029364664	-0.008550484	-0.0379907202	-0.0723384046	0.0365333132	0.0123983376	-0.08619176810000001	0.0	0.0225684	-0.132155	0.296917	0.00482721	-0.000566419	0.00158497
-13.758336067199707	-14.233389854431152	-18.88166618347168	1.1919378	20.36726379	1.04066145	0.18205619999999997	-0.0114378821	-0.0599877285	-0.05966530019999999	0.043523588499999995	-0.0385312398	0.0780954111	-0.0038439421000000004	-0.09364314779999999	0.0184887617	-0.028460071	0.0424167099	0.0352115551	0.0112775048	-0.08678395789999999	0.0	0.0166811	-0.0489203	0.251686	0.00399376	-0.000446795	0.00158398
-23.61595916748047	-9.538078308105467	-10.76290225982666	1.13144314	19.33356094	0.99859357	0.10228980000000001	0.00017848130000000002	-0.08441689320000001	0.043602628600000005	0.061697218399999997	-0.0220530068	-0.0467023195	-0.07945301860000001	-0.049824938	0.0514694056	-0.0082299424	0.0321967523	0.0511969297	0.0101548769	-0.087320892	0.0	0.0225643	0.010234600000000002	0.244949	0.00421115	-0.000643989	0.00138827
-20.066844940185547	-11.241692543029783	-5.513279914855957	0.97347856	16.63433647	0.92048681	0.05193035000000002	-0.017975186299999998	-0.0042187443	0.10441135619999999	0.0468044854	-0.0027340573	-0.026334673399999998	-0.0684753948	0.058967127599999995	0.0806738306	-0.0056039449	0.0425790715	0.0626202273	0.0090306325	-0.0878022284	0.0	0.0335208	-0.0114076	0.244012	0.00420013	-0.000540836	0.00113455
-6.196441650390625	-8.702630996704103	-1.207017421722412	1.13914204	19.46511459	0.98866868	0.1152279	-0.026531998799999998	0.0869862669	0.033646380499999996	0.0084614066	-0.0259460237	-0.040103292	0.0365372785	0.10195897279999999	0.05628366059999999	-0.036885065099999996	-0.0113510672	0.0519694678	0.0079049505	-0.0882276608	0.0	0.0396623	-0.0865241	0.26212	0.00432358	-0.000454208	0.00102739
-3.639026165008545	-3.584467887878418	-2.274777889251709	1.11925113	19.12522888	0.99708563	0.10988169999999998	0.0184831323	0.0407987551	-0.0939815867	-0.00607607	-0.0087296922	-0.1208249679	0.10659377560000001	0.0129783737	-0.0098282764	-0.0310120206	-0.0499072287	0.0324082642	0.006778010300000001	-0.0885969182	0.0	0.0400118	-0.11171	0.301815	0.00497172	-0.000507074	0.00121941
-24.91950225830078	-2.1171836853027344	-4.407968044281006	1.18459177	20.24173927	1.03441715	0.1786507	0.0800386126	-0.0045708319	-0.0689377882	0.0741739031	-0.026683094100000002	0.049653450999999994	-0.0392007302	-0.08888723970000001	-0.0065360702	0.024898861600000002	0.0376582031	0.048666410800000004	0.0056499911	-0.0889097655	0.0	0.0377812	-0.0113134	0.256587	0.00443072	-0.000487974	0.0011636000000000003
-25.86452865600586	2.8164093494415283	-1.8233850002288816	1.04839635	17.91449547	0.95608729	0.12368974999999997	0.0847211341	-0.0083962845	0.0287204444	0.0890894251	0.0140655584	-0.0906181225	-0.0760785767	-0.0265166279	0.0178671015	0.0930328131	0.018103341000000002	0.0296617939	0.0045210725	-0.08916600359999999	0.0	0.0326235	0.0236797	0.227945	0.00342274	-0.000540673	0.00112634
-9.04441738128662	3.905763864517212	-5.691926956176758	1.10376453	18.86060143	0.99983859	0.09050889999999998	0.0454912347	0.0953927232	0.0730358096	0.0627560814	0.0186859552	-0.0606008672	-0.0427572672	0.08688345970000001	0.033367251	0.09264218460000001	-0.0049207348	0.008135955	0.0033914341999999997	-0.0893654692	0.0	0.0328181	-0.038886	0.237949	0.00361725	-0.000463451	0.00104318
3.497373104095459	5.585938930511475	-15.785078048706055	1.24495304	21.27316284	1.08185124	0.18943970000000002	0.048846206399999995	0.1074531174	-0.0404204903	0.021013007400000002	0.012787325700000001	-0.1316453585	0.077960834	0.0700286956	-0.021913300099999998	0.0534929263	-0.07803393	0.02086775	0.0022612560999999997	-0.08950803550000001	0.0	0.0335113	-0.130253	0.283781	0.00440115	-0.000455091	0.00128187
-2.92665696144104	8.75146484375	-15.451471328735352	1.26053691	21.53945351	1.11690927	0.1525442	0.0752281012	0.029543854799999998	-0.0915637461	-0.0068257424	-0.0200871548	-0.0330432954	0.0627077823	-0.0443861149	-0.0676472774	0.0834353671	0.0481819704	0.0667577173	0.0011307181	-0.0895936116	0.0	0.0336694	-0.04782	0.23773	0.0042424	-0.000443361	0.000974308
-27.82236671447754	-0.4829105734825134	-23.79950523376465	1.09543824	18.71832657	0.98642898	0.09186669	0.0826099349	-0.0670149042	-0.0156934674	0.0362289481	-0.078601497	-0.0040522701	-0.0358291941	-0.10457695460000001	-0.0276441964	0.0520296809	0.0520463959	0.0181916523	0.0	-0.089622143	0.0	0.0314479	-0.00678196	0.244817	0.00356046	-0.00038534	0.0008838659999999998
-24.828916549682614	-5.610352993011475	-24.133867263793945	1.05754817	18.07087898	0.9591828	0.10306149	0.0519991967	-0.0750660804	0.08440038539999999	0.0310997954	-0.056284367300000006	-0.1311785047	-0.06309684980000001	-0.026175765099999998	0.047591475099999996	0.0351137655	-0.0440779528	0.0487369096	-0.0011307181	-0.0895936116	0.0	0.0305422	-0.0760731	0.261608	0.00365759	-0.000554967	0.000938582
-2.357438325881958	-9.794435501098633	-26.64108085632324	1.10821342	18.93662262	0.99280697	0.14287940000000002	0.0013275955	0.0622386475	0.1102079428	-0.0040041538	-0.022987134399999998	-0.0335858366	-0.0054339322999999995	0.0931128808	0.0562412287	0.005008769099999999	-0.0941032877	0.0640699204	-0.0022612560999999997	-0.08950803550000001	0.0	0.0329689	-0.142045	0.2811	0.00431884	-0.000862055	0.00107002
6.632105827331543	-2.3745148181915283	-21.28501319885254	1.19317043	20.38832664	1.02957976	0.1528065	0.0234853155	0.0078423018	-0.0280051031	-0.0804258375	-0.024230278799999998	-0.09023912960000001	0.07047074099999999	0.010880835	-0.0495781215	0.026139432	0.0225621304	0.0542702052	-0.0033914341999999997	-0.0893654692	0.0	0.0366765	-0.064703	0.261676	0.0039001	-0.00039225	0.0009119070000000002
-27.07317352294922	-6.6396522521972665	-23.55394554138184	1.02670074	17.54377174	0.94551855	0.08388405000000003	0.0732680593	-0.035876368	-0.0484664145	-0.0544123041	-0.0222184812	0.0761941844	0.018083923999999998	-0.0557137546	-0.0372157578	-0.0401171911	0.08783723130000001	0.028709223199999998	-0.0045210725	-0.08916600359999999	0.0	0.0330964	-0.0211956	0.248802	0.00350397	-0.000320606	0.000922584
-35.5416374206543	-10.704106330871582	-21.678346633911133	1.0102303	17.26233292	0.92828292	0.06089745000000003	0.1023284341	-0.064161309	0.0179914901	-0.0204356695	0.0056898736	0.0821787475	-0.0650388605	-0.07573946549999999	-0.0137392199	-0.031244115	0.0068185521	0.0630377634	-0.0056499911	-0.0889097655	0.0	0.028332	-0.0533461	0.25407	0.00371425	-0.00048241	0.000920377
-18.91098022460937	-11.429693222045898	-20.41212272644043	1.09157908	18.6523819	0.99608004	0.15350765	0.09757836060000001	-0.0098578045	0.07549581849999999	0.0017191441	0.052694335	-0.0173895212	-0.0658626856	0.015465989	0.0834190506	-0.0306149822	-0.1069613461	0.0409011942	-0.006778010300000001	-0.0885969182	0.0	0.0322855	-0.125593	0.284295	0.00429743	-0.000613532	0.00114772
-3.2056157588958736	-5.877936363220215	-18.327539443969727	1.17274702	20.03934097	1.02163196	0.08107205000000002	0.022843957400000003	0.0761641721	0.019617557600000002	-0.0745944712	0.005657860400000001	0.029379016400000003	0.0128227716	0.0590438029	0.0095584789	-0.0074841664000000006	0.021954587299999998	0.043161457800000004	-0.0079049505	-0.0882276608	0.0	0.0305361	-0.0747566	0.264071	0.00430553	-0.000552407	0.00124374
-11.599372863769533	1.754875421524048	-7.90506649017334	1.14525986	19.56965446	1.01235247	0.16401460999999998	0.002297786	-0.0016804727	-0.0521625646	-0.0961839999	-0.0383213186	0.0449088142	0.0401328802	-0.015126106399999999	-0.08624649150000001	0.0066898172	0.1104040624	0.0099684309	-0.0090306325	-0.0878022284	0.0	0.0249027	-0.00373484	0.244731	0.00326615	-0.000314198	0.00116094
-14.259242057800293	0.345694899559021	-9.681811332702637	0.99962229	17.08106804	0.93447399	0.04974446000000001	0.0163366352	-0.08149444019999999	-0.0092398345	-0.0401278752	-0.041122903100000004	0.0873528833	-0.0403749469	-0.0865249052	-0.060136151799999996	0.015203375600000001	0.0719853585	-0.0241920931	-0.0101548769	-0.087320892	0.0	0.0324562	-0.0263766	0.246403	0.00324962	-0.000442981	0.000948709
-13.829756736755373	-6.524911403656006	-15.193907737731935	1.11403036	19.03601837	0.99605781	0.17954024999999998	0.0250999531	-0.09498083380000001	0.011329154199999998	0.0170104213	0.0097258853	-0.054137208	-0.0405398116	-0.06993661179999999	0.004799392899999999	-0.013162711799999999	-0.10106317710000001	0.0377490655	-0.0112775048	-0.08678395789999999	0.0	0.0325374	-0.117642	0.28374	0.0040033	-0.000564663	0.00109048
-2.408571720123291	-0.2597756385803223	-19.673778533935547	1.11502087	19.05294418	0.98933941	0.07008229999999996	-0.0170123301	0.0400498704	0.08483979330000001	0.0190515375	-0.010680819099999999	0.0365240877	-0.03575515	0.0462241359	0.0054757949	0.0429325928	-0.035122955	-0.0010152417	-0.0123983376	-0.08619176810000001	0.0	0.0317594	-0.0807253	0.264116	0.00391312	-0.000457151	0.00114806
-2.38338303565979	0.05662989616394042	-19.126304626464844	1.1438396	19.54538536	0.96342695	0.1029845	-0.0445210586	0.06372555099999999	0.0177898253	-0.0606915825	-0.0798627838	-0.024634282200000003	0.0470587533	0.0653975686	-0.0446993819	0.0253714614	0.0931338466	0.011089498	-0.0135171967	-0.08554469960000001	0.0	0.0344188	-0.0216027	0.252273	0.00345677	-0.000414121	0.0010602500000000002
-14.777139663696287	-1.342296838760376	-15.903048515319824	1.02595282	17.53099251	0.92127818	0.06537309999999998	-0.0245839446	0.0050866071	-0.0595634229	-0.06935330719999999	-0.093162175	-0.0367173689	0.0767983069	-0.0207176179	-0.07585602429999999	-0.0219463386	0.0612622518	-0.0054406422	-0.014633904199999999	-0.08484316439999999	0.0	0.0376276	-0.0563781	0.264033	0.00360155	-0.000470378	0.000948709
-21.182615280151367	-8.757824897766112	-18.63584899902344	1.08033061	18.46017265	0.97933275	0.12956424999999994	0.0156475597	-0.06734100059999999	-0.0319314583	0.0020085251	-0.081074413	0.057199579400000006	0.0012899566	-0.0880148818	-0.017472838	-0.0556504936	-0.0628978049	-0.0136650373	-0.015748282199999998	-0.0840876092	0.0	0.0349317	-0.146757	0.283556	0.00383165	-0.000491746	0.00103657
-20.938676834106445	-10.81837272644043	-12.604000091552734	1.08067381	18.46603775	0.97199172	0.08715859999999997	0.0327730513	-0.059242133499999995	0.015265061699999999	0.0555172438	-0.0257106462	-0.0136527692	-0.0547001637	-0.0391209889	0.0130775666	-0.0180326169	-0.0453298746	0.0504336587	-0.0168601533	-0.0832785149	0.0	0.0397246	-0.09784590000000003	0.268691	0.00407685	-0.000453015	0.000948709
-24.97256851196289	-4.802748680114746	-11.941291809082033	1.113307	19.02365875	0.97901744	0.09881685000000004	-0.0077115626	0.10221700560000001	0.0666317271	0.022756704500000002	-0.0646382402	0.07233752759999999	-0.0410069863	0.10256444279999999	0.022349741	0.001352209	0.0800687116	-0.007619674599999999	-0.0179693406	-0.08241639690000001	0.0	0.03768	-0.0308671	0.264055	0.00368729	-0.000566604	0.000948709
-20.53966522216797	-6.018569946289063	-8.110614776611326	1.00722086	17.21090889	0.9140445	0.02895645	-0.0248345492	0.0860030159	-0.0236361857	-0.0303069978	-0.0917960667	-0.011465475	0.044767119699999997	0.072494135	-0.046133357	-0.0625972501	0.08050743219999999	0.0091804292	-0.0190756675	-0.081501804	0.0	0.0300024	-0.0443627	0.266136	0.00358567	-0.000579028	0.00094871
-21.694652557373047	-9.68556308746338	-4.339507579803467	1.08865964	18.60249519	0.97543436	0.12090475	-0.0085630636	0.0320767502	-0.0973250813	-0.0281699421	-0.0905488869	-0.034420837	0.0707106178	-0.014497675500000001	-0.060153867699999995	-0.08723628630000001	0.0126556527	0.019464736899999998	-0.0201789579	-0.0805353185	0.0	0.0290077	-0.124081	0.27769	0.00401505	-0.000435653	0.00094871
-19.734405517578125	-9.753923416137695	-5.414103984832764	1.09281075	18.67342758	0.99101657	0.017161699999999985	0.013993163500000001	-0.0260102061	-0.0759732805	0.0695110533	-0.0935329644	0.031432049100000005	-0.0269945083	-0.0805284572	-0.037935674100000004	-0.062293743	-0.0559805775	-0.0023399862	-0.0212790361	-0.0795175558	0.0	0.0341051	-0.119986	0.27303	0.00399676	-0.000387757	0.00094871
-26.218006134033203	-4.9756035804748535	-0.5121378898620605	1.17181027	20.0233345	1.01979446	0.1458292	0.0255417721	-0.0257866892	0.0064441088	0.11595043	-0.06933480780000001	-0.0612876975	-0.0902506866	0.0029248052	0.0136878359	0.0062277758	0.05794166269999999	-0.0194669478	-0.0223757271	-0.0784491639	0.0	0.0353216	-0.0217394	0.246631	0.00362546	-0.000415799	0.00094871
-16.461860656738278	-0.29396414756774897	2.3761558532714844	1.08754063	18.58337402	0.97423083	0.07735101000000005	-0.0338601642	0.10759542109999999	0.0612784626	0.066071515	-0.1085112986	0.0069637295999999994	-0.0424076806	0.11121423009999999	0.0178579399	0.0219076599	0.0805267938	-0.0154051529	-0.0234688563	-0.07733082299999999	0.0	0.029429	0.00314716	0.257879	0.0033647	-0.000203977	0.000714815
-6.154444694519043	1.8359179496765137	6.718551635742188	1.15998459	19.82126236	1.02721918	0.16124290999999993	-0.0710986366	0.0621556271	-0.0313011418	-0.010405571700000001	-0.09016484429999999	-0.09638789560000001	0.076443882	0.0733054533	-0.057631313200000006	-0.0161469697	0.0317121561	-0.0534207666	-0.024558249700000003	-0.0761632453	0.0	0.0337318	-0.0697299	0.306677	0.00395378	-0.000278359	0.000672976
-12.25279140472412	-6.922872066497803	3.67520523071289	1.14473748	19.56072807	1.02176344	0.12127345000000005	-0.05957888980000001	-0.0253403127	-0.0705058781	0.0234831058	-0.0452765226	-0.0063653464	0.048494934	-0.034450029900000005	-0.0209844321	-0.0733851242	-0.0356214688	-0.0677580209	-0.0256437338	-0.0749471741	0.0	0.0347514	-0.134976	0.321718	0.00463907	-0.000338198	0.000727182
-9.243715286254883	1.148416519165039	14.023460388183596	1.210199	20.67930222	1.04951537	0.1778415	-0.0505026147	-0.0811479908	0.0038907031	0.07986719099999999	0.0131781556	-0.0341151573	-0.0815747683	-0.01513671	-0.0092101888	0.041098978700000004	0.0065658455000000004	-0.0596648729	-0.0267251358	-0.0736833836	0.0	0.0374985	-0.0308347	0.277984	0.0042259	-0.00026078	0.000673388
4.503641128540039	2.7011499404907227	18.892223358154297	1.09322703	18.68054199	0.96902281	0.038926800000000004	-0.13289902550000002	0.063647415	0.08796729019999999	0.036552715	-0.0044343803000000005	0.047260445400000003	-0.0171623742	0.09753649660000001	-0.0055231748999999995	0.046198036399999996	0.0527490607	-0.062444222300000005	-0.0278022837	-0.0723726786	0.0	0.0419859	-0.0229435	0.28019	0.00403363	-0.000238976	0.000400618
3.6035366058349614	3.1825942993164062	29.907470703125	1.14724207	19.60352516	1.01102078	0.11022515	-0.1453217986	-0.008632232	-0.0337949409	-0.056041016900000004	0.0069903274	-0.0095501293	0.08724568769999999	0.0281430261	-0.0806207719	0.015578731399999999	0.0121370053	-0.0769091629	-0.028875006	-0.0710158936	0.0	0.0375409	-0.0963518	0.291253	0.00412027	-0.000355986	0.000623145
4.297182083129884	1.9291753768920896	32.475452423095696	1.09841442	18.7691803	0.99314606	0.10914495000000007	-0.10520325230000001	-0.07262668530000001	-0.041332407599999996	-0.009335734200000001	0.055838186399999996	0.10565183759999999	0.028177542200000003	-0.0445702584	-0.04790416769999999	0.0032666066	-0.0940658533	-0.0760529092	-0.0299431318	-0.0696138925	0.0	0.0299791	-0.13813700000000004	0.303829	0.00442453	-0.000740592	0.000878718
10.198835372924805	7.7734127044677725	41.495582580566406	1.19050992	20.34286499	1.04753876	0.18186015000000008	-0.07297237849999999	-0.1117567882	0.0234926014	0.0287908721	0.1287159278	0.0308842481	-0.0568014757	-0.0049176264	-0.040272189300000004	0.08990668240000001	-0.0204145925	-0.1003996274	-0.031006491299999998	-0.06816756780000001	0.0	0.0289929	-0.0485621	0.260356	0.00418126	-0.000124137	0.000781922
13.063380241394045	7.136693000793457	33.06063461303711	1.03948486	17.76222038	0.96433926	0.04723150000000001	-0.08717683470000001	0.0018265248	0.10152707779999999	-0.0062826772	0.10795843990000001	0.047471713	-0.0402458379	0.09142725609999999	-0.0269477493	0.0975831968	-0.005958232	-0.06564659240000001	-0.032064915	-0.0666778406	0.0	0.0224827	-0.0325075	0.261942	0.00387184	-0.000136096	0.000641687
27.20185089111328	2.1484112739562993	17.032913208007812	1.16736913	19.94744682	1.02047312	0.14245339999999998	-0.0842078102	0.016446016	0.0261260992	-0.0741698625	0.09285074019999999	-0.0356758124	0.0513127958	0.0801842756	-0.042392688600000006	0.0463293413	-0.0739382021	-0.0145896848	-0.0331182346	-0.06514565929999999	0.0	0.0239029	-0.102838	0.295175	0.00428196	-0.000330966	0.000786091
20.355457305908203	3.3168673515319824	-2.471371650695801	1.18276942	20.2105999	1.03526592	0.0698148	-0.043493616500000006	-0.0397503577	-0.056062069699999995	-0.0951652364	0.058659599400000005	-0.0683066525	0.0853391206	0.0124501873	-0.1010693292	0.0152161651	-0.0968634269	-0.021914437400000004	-0.0341662823	-0.06357199940000001	0.0	0.0304335	-0.135161	0.301697	0.0047504	-0.000320356	0.000795825
-4.946014404296875	3.428682804107666	-15.570382118225098	1.25457692	21.43761063	1.0756247	0.18123305	0.0197174075	-0.1108131764	0.018017588600000002	-0.021590795	0.015382311899999999	0.0184815812	-0.0497062425	-0.0599858594	-0.0834359548	0.0470228238	0.011168346599999998	0.008141123299999999	-0.035208891400000004	-0.0619578629	0.0	0.0309998	-0.0309689	0.261987	0.00407885	-0.000264663	0.000803875
-14.514087677001953	-3.1855759620666504	-22.448688507080078	1.12828326	19.27956581	0.99094057	0.041488999999999984	-0.0092626168	-0.036146882400000004	0.1273821075	-0.0105676951	-0.025926889100000003	-0.007093385	-0.0897521169	0.0576522362	-0.0006743522999999999	0.044419000300000004	-0.0124686082	-0.0178423734	-0.036245895800000004	-0.0603042776	0.0	0.0256415	-0.0287119	0.280993	0.00381828	-0.000248897	0.000824893
5.701042652130128	-8.486846923828125	-19.64828491210937	1.26981902	21.69806099	1.08106554	0.20805315000000002	-0.0662646224	0.0014118239999999999	0.0126397076	-0.0963987892	-0.0425517888	-0.0637370977	0.054364822199999996	0.0986260307	0.0020373710999999997	-0.0331119275	-0.0760973288	-0.0301641923	-0.0372771305	-0.0586122963	0.0	0.0281313	-0.111405	0.34244	0.00446284	-0.0008021	0.000855595
-5.074061393737793	-6.874054431915282	-16.900615692138672	1.13197744	19.34268951	1.03153229	0.07279655000000003	-0.0174669927	-0.058077505099999996	-0.0089738449	-0.0669226206	-0.0204565148	0.028647824900000004	0.0165682801	-0.0281828496	-0.0524551704	-0.0687411161	-0.029569720299999998	-0.0355241343	-0.0383024313	-0.0568829962	0.0	0.0325716	-0.0941421	0.317013	0.00446765	-0.000302552	0.0008645639999999998
-16.267135620117188	-4.7148756980896	-11.142206192016602	1.10776997	18.92904472	0.9975661	0.15002160000000003	0.027322725200000002	-0.0909992959	0.0625650718	-0.011155287	0.011511430900000001	-0.0313665136	-0.0980264424	-0.0231634236	-0.0289743525	-0.005964451700000001	0.0070601039	-0.006582608199999999	-0.039321635099999995	-0.0551174785	0.0	0.0198555	-0.0167417	0.287807	0.00397267	-0.000183922	0.0008641919999999998
-12.22680950164795	-1.638216495513916	-11.674810409545898	1.08547008	18.54799461	0.98897052	0.0979118	0.0184800261	-0.0281626799	0.1219105509	-0.023686437400000003	0.0225755197	-0.0348313148	-0.08909328109999999	0.0745533338	0.0149827811	-0.0106441917	-0.076914712	-0.016332135	-0.040334579599999996	-0.0533168672	0.0	0.0245734	-0.0707439	0.312899	0.00413625	-0.000292632	0.000873896
8.867227554321289	-9.36380386352539	-21.389055252075195	1.17715859	20.11472321	1.03953624	0.10982990000000001	-0.0116313105	0.038807062	0.046533827699999995	-0.091525648	0.0217869053	-0.0304044578	0.033858122000000004	0.09268143720000001	0.0152825284	-0.0577348628	-0.0776126776	-0.0050400252	-0.041341103500000004	-0.0514823088	0.0	0.0244088	-0.119027	0.336363	0.00439087	-0.000526422	0.00114385
-1.647623062133789	-1.6870460510253906	-26.02224540710449	1.20129287	20.52711868	1.05676043	0.18266595	0.017610791	-0.009540129	-0.0333827094	-0.1308158467	0.0049122108000000005	-0.0236918462	0.031831624700000005	0.0178512283	-0.0985734968	-0.0301392752	0.0269930376	-0.0198555498	-0.0423410466	-0.0496149715	0.0	0.0298397	-0.0295862	0.296746	0.00375689	-0.000391498	0.000949209
-22.135618209838867	-4.688511848449707	-37.305824279785156	1.05698693	18.06128883	0.9597857	0.03502174999999999	0.0691165412	-0.0803336555	0.0103363898	-0.054697974100000005	-0.0112929592	0.1074997653	-0.0728859911	-0.0599536775	-0.0823110104	-0.045219989599999996	0.0212142124	-0.018613668400000002	-0.0433342497	-0.047716044000000006	0.0	0.032848	-0.037978	0.297949	0.00380682	-0.000170046	0.0007722179999999998
-25.129472732543945	-17.474645614624027	-40.22515106201172	1.11302578	19.01885414	1.00249565	0.190012	0.07494123009999999	-0.059434376100000005	0.088187826	-0.0261253794	0.0390126571	-0.0500983407	-0.06225137730000001	0.0015018807000000002	0.0409184748	-0.0769695923	-0.1242566886	0.0110890085	-0.0443205548	-0.045786735499999995	0.0	0.0324156	-0.121436	0.333694	0.00435284	-0.000609766	0.00119401
-9.714146614074707	-11.556676864624025	-31.379823684692386	1.14420366	19.55160522	1.00803518	0.08127965	0.0233679983	0.025076227200000002	0.0302582146	-0.11342084359999999	9.6355e-05	0.0430046542	-0.022989247999999997	0.0561319888	-0.0192382362	-0.0867579925	-0.0056433347	0.007593524599999999	-0.045299804900000004	-0.043828274400000006	0.0	0.0311985	-0.0741281	0.311702	0.00426865	-0.000635969	0.00108915
-25.77294158935547	-5.91312313079834	-16.84016227722168	1.09255493	18.66905594	0.98973107	0.11818914999999998	0.0391249472	-0.0723847975	0.0167222193	-0.1055076268	-0.0344329299	0.17393983329999999	-0.0448930362	-0.0383750071	-0.0789843217	-0.07134028519999999	0.0710016212	-0.0111795624	-0.046271844000000006	-0.0418419076	0.0	0.0318284	-0.0112331	0.285003	0.00397267	-0.000381944	0.00107985
-15.276073455810547	-8.072792053222656	-5.073938369750977	1.10742044	18.92307091	0.99330348	0.12449039999999997	0.034397458	-0.11375469099999999	0.1141061356	-0.0721134171	0.0292949944	0.0183083875	-0.1105742913	0.014759654799999999	0.0117381407	-0.0740333771	-0.0715258552	-0.012158439699999999	-0.047236517400000004	-0.0398288999	0.0	0.0374699	-0.0744123	0.306895	0.00428886	-0.000282724	0.000819706
10.282318115234377	-7.891640663146973	1.7176761627197266	1.17189658	20.02480888	1.02259445	0.10228405000000004	-0.026490533700000003	0.029859392599999996	0.1031595375	-0.11575177869999999	0.070574674	0.0721016718	-0.0176537069	0.0851708591	0.0065971057	-0.0624012709	-0.0878816677	0.0158275008	-0.0481936716	-0.0377905329	0.0	0.0375117	-0.125811	0.312189	0.00490606	-0.000470229	0.000925992
8.823131561279297	4.661581039428711	4.078626632690431	1.13790417	19.4439621	1.01574838	0.15036075000000002	0.0274199349	-0.0151054429	-0.0241121761	-0.1458288467	0.08461915199999999	0.0657746432	0.0194308005	0.022793133700000003	-0.1148815048	-0.0110617929	0.020154105	-0.0220637	-0.0491431543	-0.0357281045	0.0	0.037458	-0.0437664	0.279275	0.00433127	-0.000373461	0.000890581
-3.366522789001465	5.3847246170043945	-4.817258834838867	1.00397301	17.15541077	0.93405229	0.04907989999999999	0.0917107695	-0.056660783099999994	-0.0027501763	-0.0642960763	0.09722050199999999	0.10076328300000001	-0.0798733987	-0.0577325419	-0.1016851876	0.0270114921	0.0167590105	-0.0222513025	-0.0500848142	-0.0336429279	0.0	0.0374598	-0.0201906	0.266696	0.0041888	-0.000326236	0.0008218099999999999
0.3446998596191406	-2.882854461669922	-16.010997772216793	1.16694796	19.9402504	1.04369211	0.18514885	0.10369674820000001	-0.048258333099999995	0.0514788977	-0.0202326151	0.1306011105	-0.0672982084	-0.0679600385	-0.0095927271	-0.010491246499999999	0.0156239968	-0.156293275	-0.006799875899999999	-0.0510185014	-0.0315363307	0.0	0.039874	-0.125614	0.316166	0.00463252	-0.000405233	0.000855918
17.469985961914062	-0.03617572784423828	-29.78481292724609	1.15486872	19.73384476	1.02088344	0.024223149999999968	0.046798829900000005	0.10190679279999999	0.060601815700000006	-0.0178837221	0.0891987544	0.0070844971999999996	-0.018271876200000002	0.0860651109	-0.0270206169	0.0197883047	-0.11955662730000001	-0.0172457726	-0.0519440675	-0.0294096541	0.0	0.0374519	-0.109246	0.316198	0.00466411	-0.000397067	0.000924183
8.628476142883299	3.821733474731445	-33.20022964477539	1.23262012	21.06242371	1.04406106	0.17735349999999997	0.047173974	0.0575757603	-0.062285559000000004	-0.0821312658	0.0427225292	-0.0632292541	0.0270644109	0.044770245099999995	-0.1251104388	0.028541158799999997	0.0389152113	-0.028227995	-0.0528613649	-0.0272642523	0.0	0.0373408	-0.029554	0.279857	0.00374952	-0.000201813	0.000809839
-6.527487754821777	-5.370650291442871	-36.17033386230469	1.08396745	18.52231789	0.97954476	0.07318399999999997	0.0728126769	-0.0016691442	-0.0774205772	-0.0463301472	0.0252885898	0.07776000059999999	-0.028946371000000002	-0.0496007479	-0.0933336173	-0.0327109431	0.0164897635	-0.0360487381	-0.053770247699999996	-0.025101491200000003	0.0	0.037438	-0.054906	0.30125	0.00409049	-0.000363997	0.000833521
-14.328958511352539	-11.196334838867188	-39.932430267333984	1.15209818	19.68650436	1.01629519	0.1644344	0.0944403093	-0.0266218763	-0.025809303	0.0289489394	0.0598301516	-0.0208278881	-0.0636609321	-0.060439226299999996	-0.0302815206	-0.07139694889999999	-0.1294695897	-0.0162634293	-0.0546705713	-0.022922747799999997	0.0	0.0373867	-0.146043	0.330168	0.00477568	-0.000417872	0.000981018
-9.404844284057617	-8.623093605041504	-34.49921417236328	1.17195475	20.02580261	1.03066063	0.13054290000000002	0.0457449771	0.11321789119999999	0.0754609633	0.034744965	0.0336502155	0.0507798707	-0.0784293345	0.0774990858	0.0076708364000000005	-0.0385353459	-0.0373525018	-0.0289630637	-0.0555621922	-0.0207294095	0.0	0.0372661	-0.066867	0.305733	0.00446297	-0.000205711	0.000969663
-7.643815040588379	-8.17631721496582	-25.587482452392575	1.10611939	18.90084076	0.95861161	0.07479374999999998	0.0054288702	0.09451632089999999	-0.0125596915	-0.0509763295	-0.0307404076	0.0014685602	-0.007488444699999999	0.0846877781	-0.057956201900000004	-0.0698738429	0.0709770645	-0.0370524515	-0.0564449687	-0.0185228726	0.0	0.034325	-0.037959	0.295752	0.00403029	-0.000360743	0.000898102
-19.51999282836914	-9.99223518371582	-18.678680419921875	1.1131947	19.02173996	0.97959816	0.08878440000000001	0.0104798353	0.028885633100000002	-0.08058063900000001	-0.062129500899999995	-0.040420788	0.012246363400000002	0.024672965499999998	0.0147386177	-0.0854518148	-0.1195129992	0.0130686185	-0.0419951413	-0.05731876	-0.0163045422	0.0	0.0374303	-0.0879429	0.308889	0.00373881	-0.000448573	0.000969956
-10.344902992248537	-14.441454887390135	-17.630229949951172	1.07112777	18.30291939	0.97107881	0.05294400000000008	0.0357211635	-0.0290540346	-0.0562414638	0.0169628771	0.0058187447	0.0678580637	-0.0613630583	-0.0456366442	-0.0474690133	-0.1237190174	-0.058008284699999996	-0.0535053342	-0.05818342730000001	-0.0140758305	0.0	0.0374196	-0.106688	0.303127	0.00424663	-0.000448573	0.00103066
-19.504772186279297	-10.352100372314453	-13.467519760131836	1.12620401	19.24403572	0.98749298	0.1206363	0.0469646721	-0.0038801564	0.0114849651	0.0648350985	0.0324692646	0.0038200240000000004	-0.12625878769999999	0.017031196000000002	-0.0043954173	-0.07254096730000001	0.010038453000000001	-0.0994097741	-0.059038832699999995	-0.0118381568	0.0	0.0410647	-0.0403177	0.281781	0.00413155	-0.000198573	0.0008102419999999998
-11.482513427734375	-6.9995622634887695	-13.921022415161133	1.07661319	18.39665222	0.95475519	0.039607	-0.0101460623	0.1269599563	0.042839410999999994	0.0097821391	-0.0006465481	0.0905975707	-0.0560138756	0.1187402202	-0.0249923481	-0.07328234230000001	0.047301375	-0.10727328230000001	-0.0598848402	-0.009592945600000001	0.0	0.0405116	-0.0452897	0.289135	0.0038016	-0.000139719	0.000664488
-10.552539825439453	-7.622610092163086	-14.93604850769043	1.17749083	20.12040138	1.03340375	0.19722040000000002	-0.007740049200000001	0.0636989352	-0.08934961849999999	-0.0318529877	0.0082102533	0.0036402717	0.0638432331	0.057469746399999994	-0.043640222400000005	-0.1188833807	-0.0395770272	-0.08871872789999999	-0.0607213151	-0.0073416265	0.0	0.0374386	-0.117779	0.348719	0.00449199	-0.000448573	0.000906726
-15.396979331970215	-13.519095420837402	-15.493066787719727	1.13590598	19.40981865	1.01059341	0.07582495	0.013395425700000001	-0.0160820866	-0.0553367638	0.048749420999999994	-0.0083013801	0.153550119	-0.0510231198	-0.045265002699999994	-0.0603602776	-0.13088337419999999	-0.0262874019	-0.10393898619999999	-0.0615481242	-0.005085633	0.0	0.0372393	-0.0926246	0.322299	0.00440905	-0.000127019	0.000830195
-26.32345199584961	-6.649955749511719	-6.964149475097656	1.09933603	18.78492928	0.97842616	0.12580210000000003	0.0145073826	-0.0366850193	0.0125526878	0.086044075	0.0114282301	0.0404875586	-0.12136262689999999	0.024226393199999998	-0.0006297211	-0.060591358	0.043897222400000005	-0.09264904410000001	-0.0623651359	-0.0028264014000000002	0.0	0.0373389	-0.0239739	0.286707	0.00413155	-0.000222744	0.000774224
-14.978926658630373	-3.219292640686035	7.132152557373048	1.1525389	19.69403458	1.00135875	0.07478000000000001	-0.0783651025	0.08866609339999999	0.0498403431	0.0283758141	-0.0435664471	0.0524041437	-0.0460212174	0.1227224067	-0.0144779671	-0.06592040440000001	0.028203333799999997	-0.0918226149	-0.06317222019999999	-0.0005653703	0.0	0.0350041	-0.0814136	0.298431	0.00413155	-0.000198573	0.000815683
-9.06848430633545	0.6278743743896484	25.84173583984375	1.13300753	19.36029243	1.00956082	0.10466245	-0.1102144191	-0.014200192700000001	-0.0396282991	-0.0129998331	-0.0636012062	0.0484954592	0.0339193633	0.0382514505	-0.0724504378	-0.0926399201	-0.0157042277	-0.0972678096	-0.0639692486	0.0016960208	0.0	0.0346194	-0.11593	0.314356	0.0047645	-0.000448573	0.00100946
-4.845541000366211	3.493596076965332	45.22124099731445	1.17453837	20.0699501	1.03116202	0.16832170000000002	-0.10525935199999999	-0.1064541161	0.0201313834	0.049664187199999994	-0.0339445003	0.0203620378	-0.0898229411	-0.022341318399999997	-0.0721549509	-0.0192761121	0.0278484365	-0.14776903060000002	-0.0647560942	0.0039563321	0.0	0.0374478	-0.0344789	0.269267	0.00421312	-0.000448573	0.0007817759999999998
5.239217758178711	8.738712310791017	52.327308654785156	1.04985702	17.93945503	0.95591146	0.03120299999999994	-0.12227266810000001	-0.060120902999999996	0.0869838832	0.0625346449	0.0288772853	-0.014028696499999998	-0.10143422810000001	0.0751174211	-0.0357062721	0.0438955946	-0.0197199795	-0.1266624652	-0.06553263179999999	0.0062141243	0.0	0.0372845	-0.0267757	0.269253	0.00413155	-0.00014044	0.000705029
22.214601516723636	16.775821685791016	43.75075912475586	1.13408887	19.37876892	0.99893606	0.11552885	-0.1376479707	0.0493342567	0.0768191137	0.0413840627	0.0605304581	0.0020754061999999998	-0.0329635342	0.1408690638	-0.0545138932	0.09065595859999999	-0.08560673349999999	-0.140258818	-0.0662987377	0.00846796	0.0	0.0373969	-0.0982744	0.28252	0.00402125	-0.000448573	0.000899611
44.45951843261719	11.7147855758667	31.31581115722656	1.21887815	20.82760811	1.08163941	0.17388412650000007	-0.09782096130000001	0.0466795197	-0.0769012603	0.0365648504	0.092924588	-0.0788018746	0.0734820214	0.0369505313	-0.08666383470000001	0.0602564325	-0.127781759	-0.086839616	-0.06705429	0.010716404099999998	0.0	0.037228	-0.172129	0.299646	0.00489582	-1.12547e-06	0.000566936
35.20931625366211	19.564882278442386	24.995121002197266	1.28854859	22.01810265	1.10533416	0.17364132350000008	-0.0183683644	-0.0098609782	-0.0885825215	0.0996318517	0.0664678922	0.07390911650000001	-0.021140130099999998	-0.0479860187	-0.1338733925	0.11202704320000001	-0.014796978700000001	-0.08415485380000001	-0.0677991684	0.012958025	0.0	0.0395906	-0.0835466	0.258169	0.00441732	8.6984e-05	0.000309159
4.283331871032715	9.859314918518066	15.249626159667967	1.2445116	21.26561928	1.08400512	0.11754224999999993	0.0091422608	-0.076983576	0.0099252855	0.1191670752	0.030832747400000002	-0.068715468	-0.1157689693	-0.0336841712	-0.0660911934	0.0833464897	-0.0322405839	-0.1029504546	-0.06853325440000001	0.0151913955	0.0	0.0278875	-0.0312889	0.257908	0.00349174	0.000175033	0.000361939
9.120532989501953	4.22015380859375	6.178936004638673	1.22810376	20.98525047	1.0690527	0.1324283	-0.04224642940000001	0.0479827875	0.074700182	0.044884262800000005	-0.021990278199999998	0.0205819985	-0.051475339	0.10471721980000001	-0.0205285913	0.0480707368	-0.051020953099999995	-0.056750308	-0.0692564312	0.0174150935	0.0	0.0373587	-0.0793002	0.283942	0.00403964	-0.000100352	0.00051689
18.906951904296875	-1.3076791763305664	3.8680095672607417	1.19746983	20.46179199	1.03381479	0.13150599999999998	-0.0355510318	-0.0097508161	-0.0321891059	-0.050299861900000006	-0.033114769700000005	-0.09163092490000001	0.0748510306	0.0380233881	-0.0746810522	-0.0168643213	-0.0611992799	-0.0357812369	-0.0699685835	0.0196277033	0.0	0.0372719	-0.147864	0.298114	0.00482856	-2.8153e-05	0.000629439
10.195812225341797	-0.3814096450805664	9.800251007080078	1.13339591	19.3669281	1.00311005	0.11804901999999998	-0.0087251342	-0.08980229220000001	-0.0055088338	-0.0088704551	-0.0752007179	0.023049658100000002	-0.0481232863	-0.0466999008	-0.10087392210000001	-0.014837493700000001	0.0012448011999999999	-0.028594261099999997	-0.070669598	0.021827816	0.0	0.0373208	-0.0773138	0.265241	0.00455275	-1.75216e-05	0.000634536
1.8230514526367188	-1.1738920211791992	11.973699569702148	1.05952775	18.1047039	0.95725399	0.08948062000000001	-0.022370070899999997	-0.1382493347	0.088044367	-0.0005119356	-0.061297186100000005	-0.09396080119999999	-0.1242780565	-0.0003683596	-0.04631833900000001	-0.024220345299999998	0.013149463200000001	-0.0113409532	-0.07135936309999999	0.024014030800000002	0.0	0.0375795	-0.0496881	0.255257	0.00413191	-0.000500398	0.000763064
14.593358039855955	-1.0191068649291992	10.077816009521484	1.13429296	19.38225555	1.01253939	0.12468144999999997	-0.0316006056	-0.0787816538	0.1469984081	-0.022903125299999997	-0.036083989	-0.1216626264	-0.101678222	0.0834766055	-0.005331371600000001	-0.00905554	-0.0620029826	-0.0049656998999999995	-0.0720377692	0.0261849558	0.0	0.0372396	-0.0967749	0.284512	0.00421488	0.000136381	0.000522818
25.31874084472656	-6.234929084777832	-5.681352615356445	1.24695265	21.30733109	1.07918406	0.15997055000000002	-0.0260176827	0.013123859199999999	0.029252052200000003	-0.0655354388	-0.0162208774	-0.10127555199999999	0.000718529	0.09859003470000001	-0.0239225244	-0.0560922289	-0.0646553361	0.0935268735	-0.07270470799999999	0.0283392087	0.0	0.0347627	-0.16523	0.318239	0.00475371	-0.000293046	0.000660792
3.3385601043701167	0.836848258972168	-17.11336898803711	1.24355245	21.24922943	1.08421743	0.14627060000000003	0.0613588584	0.0002666896	-0.056958150199999995	-0.0534265918	-0.0433806999	-0.0084708213	-0.0076084363	0.0043524913	-0.1097493752	-0.028230232200000004	0.023128036600000002	0.0492354803	-0.0733600735	0.030475417999999997	0.0	0.037336	-0.0673218	0.283568	0.00467726	-0.0001681	0.000681758
-29.39308738708496	0.7474908828735352	-23.26023292541504	1.10784817	18.93037987	0.98016381	0.05711333999999998	0.1410015056	-0.0386679578	0.0028645779	0.0228547128	-0.0573210486	0.033629392599999995	-0.0893076958	-0.055211456799999996	-0.09037036300000001	-0.0291596218	0.0372405941	0.026699729300000002	-0.07400376139999999	0.0325922233	0.0	0.0373182	-0.0334351	0.283535	0.00455275	1.49698e-05	0.000525821
-19.120338439941406	-3.708075523376465	-18.036975860595703	1.16267395	19.86721802	1.03230071	0.16862984000000003	0.1040445458	0.0045581244	0.1125112598	0.0156717369	-0.050784263899999994	-0.0103990987	-0.08867429539999999	0.050886324000000004	0.0237890312	-0.0517892412	-0.10089491869999999	-0.0166665561	-0.0746356692	0.0346882771	0.0	0.0373331	-0.129785	0.328284	0.00495358	-0.000101219	0.000559123
2.4209613800048833	5.260185241699219	-4.025636672973634	1.19674063	20.44933319	1.02983475	0.044372400000000006	0.0044186314	0.0485444458	0.0386348977	-0.0798349374	-0.0535483719	-0.009790326700000001	-0.0021009629	0.0733739305	-0.038606078599999996	-0.0201622072	0.0097211791	-0.0021867075	-0.0752556963	0.0367622446	0.0	0.0373784	-0.103429	0.320089	0.0048653	-0.000123031	0.000473693
10.215192794799805	10.022390365600586	9.01402473449707	1.13015413	19.31153488	1.01624584	0.14213905	0.0020810464999999998	-0.0375611198	-0.025108976800000002	-0.121702059	-0.042538138899999994	-0.0095786433	0.0350108205	0.0101926907	-0.1124068729	-0.014056746	0.09553859960000001	-0.0210102873	-0.075863744	0.0388128055	0.0	0.0372979	-0.0388808	0.290793	0.0042992	0.00012740300000000003	0.00032594
2.0895032882690434	9.457937240600586	5.112281799316406	1.06282818	18.16110039	0.97463727	0.06409892999999998	0.043253856900000005	-0.08647073179999999	0.0190237001	-0.055329877199999995	-0.012943603	0.0181618692	-0.044102061799999995	-0.0813297695	-0.0929627843	0.015375120400000001	0.0236218908	-0.0045670781	-0.07645971559999999	0.0408386541	0.0	0.0372815	-0.0784515	0.304447	0.00430653	7.05874e-05	0.000478951
10.551215171813963	5.410572052001953	-9.006261825561523	1.08665121	18.56817627	1.00355387	0.17368296999999994	0.0750779454	-0.0477243613	0.0361244562	-0.0024709682	0.0314717501	-0.1270858608	-0.0275030725	-0.060517145099999996	-0.0203310745	0.0183062609	-0.1308907137	0.06321380559999999	-0.0770435161	0.0428385005	0.0	0.0274171	-0.159408	0.335318	0.00490048	-0.000216126	0.000638109
9.963611602783203	8.679615020751951	-13.832809448242188	1.17125678	20.01387596	1.02813208	0.135073815	0.08723297070000001	0.0873931801	0.0592258472	0.0115734164	-0.0294737371	-0.019385121499999998	-0.0218409275	0.0460246913	-0.0317413329	0.0740816541	-0.010211134	0.0498885962	-0.0776150526	0.0448110715	0.0	0.0337074	-0.0992344	0.297554	0.00454947	-1.51837e-05	0.000573143
-4.784150123596191	13.315844535827635	-16.510923385620114	1.15665448	19.76436043	1.00290036	0.09441164	0.1233279599	0.0664380083	-0.0562445174	-0.0474785029	-0.1227181017	-0.1013338424	0.0543761105	0.0202428482	-0.0956859143	0.0713069259	0.0857487435	0.046758227	-0.0781742341	0.046755110999999995	0.0	0.0320405	-0.0514953	0.298994	0.00419007	7.56111e-05	0.000152025
-24.024097442626953	5.022387504577637	-17.93415069580078	1.07746887	18.41127396	0.98447031	0.115467755	0.1517148051	-0.0035021623999999998	-0.024664411299999998	-0.0055623723	-0.1648631928	0.0280074641	-0.018761943700000002	-0.0819533887	-0.06471164389999999	-0.0046903076	0.0302193837	0.0868131864	-0.0787209717	0.048669381399999996	0.0	0.030419	-0.101979	0.331443	0.00462043	-0.0001123	0.000152025
-23.41931915283203	-2.33161735534668	-17.60445213317871	1.10019135	18.79954529	0.99459547	0.12931226	0.1400558889	-0.018164551	0.0275015565	0.0352443394	-0.09975477199999999	-0.0954252346	-0.0595628516	-0.0317208138	0.0329389259	-0.0137405138	-0.09240567949999999	0.0967498807	-0.0792551783	0.0505526637	0.0	0.0372349	-0.154195	0.346777	0.00517343	2.67092e-05	0.000558943
-4.462000846862793	5.02678108215332	-11.398773193359375	1.14455998	19.55769539	1.0130204	0.12677363999999997	0.0804444768	0.1007367415	0.06365216950000001	-0.009495536899999999	-0.11160355039999999	0.008159785400000001	-0.023568158	0.0643995033	-0.0075408602	0.020894831000000003	0.0278152652	0.0949106335	-0.0797767688	0.0524037589	0.0	0.0221254	-0.0815986	0.320848	0.00507569	0.000111337	0.00063935
-4.600386619567871	5.949142456054688	-3.8552074432373047	1.0841105	18.52476311	0.96524346	0.07215964999999998	0.0405048466	0.026440400699999998	-0.0325252234	-0.0789230767	-0.144058422	-0.0163997486	0.04641692150000001	0.0179268212	-0.0579984431	0.0010482742	0.0829472513	0.0533331312	-0.0802856603	0.0542214884	0.0	0.0228329	-0.0323081	0.326016	0.00485709	0.00021863	0.00065333
-16.366212844848633	-6.0620880126953125	-5.627067565917969	1.15799224	19.78721809	1.0433681	0.186732005	0.04815192150000001	-0.053596288	-0.011803263500000001	-0.037821830099999995	-0.1382881932	0.052105325	0.0078695663	-0.07221110160000001	0.010467494499999999	-0.059397630300000004	-0.022750801299999998	0.0553805705	-0.0807817717	0.056004694800000004	0.0	0.025706	-0.126962	0.372513	0.00542399	-1.01431e-05	0.000594843
-0.5959072113037109	-11.769609451293945	-12.184087753295898	1.08076072	18.46752357	0.98381549	0.08089370500000001	0.034851934700000003	-0.0729508285	0.0291343187	0.014463386100000001	-0.05935866099999999	-0.0713297496	-0.030489338799999998	-0.037238949199999996	0.07723277099999999	-0.063329465	-0.09767742210000001	0.1046802409	-0.0812650241	0.057752242800000006	0.0	0.0300814	-0.158562	0.37765	0.00580926	0.000153683	0.0008413729999999998
11.129475593566896	-8.920001983642578	-12.092670440673828	1.18515897	20.25143051	1.03028381	0.17211080000000004	-0.0226792979	0.0719829476	0.053464385499999996	-0.0334822981	-0.067261823	0.0266957717	-0.0150810587	0.0682396878	0.048115459699999995	-0.060982202699999995	0.07671356809999999	0.077083445	-0.0817353405	0.059463019699999994	0.0	0.0369916	-0.0560005	0.347803	0.00543178	0.000275926	0.000685254
1.1121845245361328	-1.652423858642578	-10.092069625854492	1.03356409	17.66104889	0.92987776	0.04023889999999999	-0.0044736040999999995	0.030883247000000003	-0.069018761	-0.0683788771	-0.0759164118	-0.0090554141	0.0512326986	-0.0186368939	-0.0411845688	-0.067718385	0.10669901529999999	0.039304791400000004	-0.082192646	0.0611359361	0.0	0.0370373	-0.0478934	0.334127	0.00510668	0.000249024	0.000669054
-8.637529373168945	-14.379476547241213	-16.759441375732422	1.08450294	18.53146744	0.98728788	0.12513030000000003	0.0566035619	-0.0137008783	-0.0602265409	-0.0037487663	-0.0364235333	0.0943967117	0.0084081988	-0.0893692125	0.0007209399000000001	-0.12912369810000002	-0.0050316674	0.0655893945	-0.082636868	0.0627699271	0.0	0.0370651	-0.126626	0.354455	0.00551646	0.000161703	0.000645317
1.1215476989746094	-11.057210922241213	-20.728567123413086	1.05812514	18.08073807	0.95512611	0.06915036	0.089215125	-0.0081760522	-0.046165328	0.0743131525	0.0412337052	-0.0151035379	-0.0255047773	-0.0499347658	0.0687489214	-0.0923946695	-0.0617242639	0.1017780992	-0.08306793559999999	0.0643639521	0.0	0.0291645	-0.16216	0.358875	0.00563137	1.59108e-05	0.0008105299999999998
-1.8195743560791016	-5.682701110839844	-19.953556060791016	1.1736517	20.05480003	1.00739479	0.18721761	0.059610382	0.1515869986	0.042432406299999996	0.059626073099999996	0.008597795699999999	0.0817504551	-0.0345272698	0.0693860321	0.057396664800000004	-0.043161892300000004	0.0605359137	0.07696611099999999	-0.0834857802	0.0659169963	0.0	0.0311505	-0.0644332	0.325859	0.00499367	0.000294769	0.000637312
2.422901153564453	3.209877014160156	-13.46272087097168	1.09298766	18.67645073	0.96167946	0.029452400000000007	0.0406898883	0.0972244424	-0.0730582892	-0.0395336161	-0.029760537599999998	-0.012386572700000001	0.0690209493	0.0389815273	-0.0354763072	-0.057400541900000004	0.1161378142	0.035023705	-0.0838903353	0.0674280709	0.0	0.031488	-0.0560741	0.337303	0.0049252	0.000351486	0.000698361
-9.702301025390623	-2.714439392089844	-7.1408348083496085	1.15338516	19.70849419	1.03277349	0.15502159999999993	0.0618993133	0.018213171	-0.0662836564	0.0028193635	0.0102274889	0.0866308999	0.0220468531	-0.0664958045	-0.007350894300000001	-0.1004379483	-0.0143893351	0.022982702	-0.0842815366	0.0688962137	0.0	0.0197951	-0.148046	0.369951	0.00502665	0.000106576	0.000726177
6.283336639404298	0.07413482666015625	2.8656253814697266	1.09123611	18.64652252	0.97824842	0.07409359999999998	0.0650216184	-0.0232769422	-0.015110785	0.0596098141	0.1007418086	-0.011860116100000002	-0.0392033039	-0.045493705599999996	0.0330327655	-0.0434546686	-0.043422596200000003	0.044569804000000005	-0.08465932179999999	0.07032049	0.0	0.0292557	-0.121257	0.360248	0.00544392	0.00021031	0.000767993
13.18010711669922	6.0614376068115225	14.245128631591795	1.14678681	19.59574509	1.00003839	0.1354732	-0.0073725255	0.1180062867	0.0320257252	0.014116963799999998	0.06952915280000001	0.0610407713	-0.0261893988	0.07257979	0.021205466099999997	-0.0049415582000000005	0.0625409245	0.0137948542	-0.08502363060000001	0.0716999928	0.0	0.0277506	-0.0481677	0.337766	0.00507421	0.000524544	0.000684001
26.98654747009277	14.417882919311525	21.999635696411133	1.08854282	18.60050011	0.98669004	0.061511249999999976	-0.0370497143	0.0502030202	-0.0686733866	-0.0485804107	0.0629029909	-0.0372812898	0.100821185	0.0231761779	-0.06682782450000001	0.0242595044	0.0879912551	-0.0103916121	-0.08537440519999999	0.073033844	0.0	0.0336215	-0.0712454	0.358058	0.00508703	0.000724295	0.000716843
23.481460571289066	5.4359474182128915	14.615467071533205	1.25842953	21.50344276	1.15509105	0.2028258	-0.0333186304	0.0111661026	-0.1089895828	-0.0193593037	0.0901252858	0.0357036338	0.076750181	-0.0531639021	-0.020847098799999998	-0.0318190663	-0.047042554	-0.033619832599999996	-0.08571158970000001	0.0743211942	0.0	0.0123334	-0.158597	0.419737	0.00534211	0.00075946	0.00107674
16.300596237182614	4.0545997619628915	0.6170444488525391	1.19329524	20.39045906	1.07024467	0.10340975000000004	0.0121112425	-0.0168556303	-0.0828054181	0.1018869689	0.14872142300000002	0.0409933642	-0.0061730288	-0.10436181480000001	0.0412235794	0.0406014327	-0.0766033654	-0.0415452699	-0.08603513039999999	0.0755612237	0.0	0.0172672	-0.113873	0.399954	0.00554817	0.000876638	0.000720599
9.997171401977539	6.808504104614258	-4.2993507385253915	1.17143667	20.01695061	1.02976716	0.10857929999999993	-0.0053161248	0.10187834330000001	-0.0026084362	0.1261993632	0.1204522876	0.0672343128	-0.042145960499999996	0.0367049023	0.0817361887	0.09012085869999999	0.025595747999999998	-0.050120105400000003	-0.0863449758	0.07675314309999999	0.0	0.0123502	-0.0334728	0.385133	0.00546001	0.000954771	0.00071807
15.607809066772461	-0.245208740234375	-8.516525268554688	1.23809886	21.1560421	1.03216934	0.10921910000000004	-0.019765295800000002	0.1552170532	-0.10844576019999999	0.0722690131	0.052943068499999996	0.0030128496000000004	0.0664234353	0.0536497665	0.0635366559	0.0042708029	0.0228088509	-0.040860406	-0.0866410765	0.0778961933	0.0	0.0157167	-0.0987506	0.412214	0.00542771	0.000783108	0.000783983
2.0558490753173833	-8.629974365234375	-10.609676361083984	1.14277983	19.52727509	1.02350783	0.13280940000000002	0.012339856000000001	0.08034774410000001	-0.1821058068	0.1357196419	0.0267253741	0.0416069354	0.0762542729	-0.0317856152	0.0605597691	-0.0591709562	-0.0059018887	-0.0446009024	-0.0869233856	0.0789896467	0.0	0.0271606	-0.142273	0.43779	0.00606689	0.00086379	0.000458503
-4.505388259887695	-0.3233356475830078	0.9172897338867188	1.20002723	20.50549316	1.06015623	0.18728075	0.0343492377	0.0287189727	-0.0979321115	0.22464241370000002	-0.0004676379	-0.0003169175	-0.0392629844	-0.0672999176	0.0829586824	0.0069364453	0.0355671406	-0.0337211551	-0.08719185800000001	0.0800328071	0.0	0.0317704	-0.0374692	0.386881	0.00571633	0.0007971729999999998	0.000336517
-6.1213111877441415	-5.592866897583008	3.230388641357422	1.09717453	18.74799538	0.98737305	0.06721060000000001	-0.029270255499999998	0.1315876608	0.0098473644	0.1679402377	-0.09762666490000001	0.0304347462	-0.011862993200000001	0.0629484302	0.15248701720000002	0.0070474763	0.05953607019999999	-0.0120667411	-0.0874464509	0.0810250101	0.0	0.0153525	-0.0566554	0.408932	0.0057268	0.000773544	0.000493528
8.754949569702147	-9.17782974243164	11.501495361328125	1.35858035	23.21477318	1.16223919	0.30256585	-0.0703339754	0.0598968972	-0.08847755060000001	0.073940379	-0.1179855411	-0.0916692731	0.1437168985	0.0186163439	0.1246656409	-0.0648827874	0.0048308158	0.00076401	-0.08768712390000001	0.0819656242	0.0	0.0123482	-0.158642	0.490212	0.00781598	0.0008798919999999998	0.000623899
-2.526500701904297	-15.68271255493164	17.529438018798828	1.11787999	19.10179901	1.00530148	0.10163945	-0.0499388704	-0.0392741529	-0.07782472530000001	0.1068454172	-0.1108103427	0.031232858399999997	0.0468275744	-0.121292016	0.12312681199999999	-0.0755879381	0.032832018399999996	0.0196297661	-0.0879138387	0.0828540504	0.0	0.0230991	-0.122566	0.459124	0.007462019999999998	0.000954771	0.000578247
-8.822113037109375	-4.2408180236816415	28.28003692626953	1.19512677	20.42175484	1.06251359	0.22243719999999997	-0.045918614100000005	-0.0803204827	0.0291583706	0.1271507029	-0.0787843938	-0.06965066	-0.0276442527	-0.0562091819	0.1492061715	0.0041729934	0.0628711781	-0.0180826482	-0.0881265591	0.083689723	0.0	0.0189809	-0.0502526	0.404675	0.00583872	0.000954771	0.000370415
12.818309783935547	-5.9634742736816415	34.229854583740234	1.11955023	19.13034058	0.99642301	0.09585549000000003	-0.1061808261	0.026083000800000002	0.057836362999999995	0.0298261071	-0.0554744004	-0.013043046499999999	0.0353708343	0.06275091320000001	0.1653682344	-0.0017977347	0.0840295734	0.006907329100000001	-0.0883252513	0.08447211	0.0	0.00624426	-0.09689710000000003	0.41814	0.0056158	0.000954771	0.000607682
21.04320526123047	-2.335546493530273	36.96092224121094	1.25063825	21.37030983	1.0975759	0.21913599000000003	-0.0781138413	-0.0468972596	-0.05546795349999999	-0.028907928599999997	-0.0221270542	-0.0863444166	0.1513627461	-0.029775137900000002	0.10025400050000001	-0.0362647139	0.014242857900000001	0.07160844200000001	-0.08850988369999999	0.0852007132	0.0	0.0123279	-0.142608	0.475291	0.00780222	0.000954771	0.000590293
11.082555770874023	2.1214847564697266	37.23495864868164	1.31406558	22.45412445	1.16173089	0.292924855	-0.0285043964	-0.09418060550000001	0.0035716204	0.037495031899999996	0.0039350973	-0.0100624792	0.0146914466	-0.0876322752	0.0932493165	0.042980736900000004	0.054845237699999994	0.019783971100000002	-0.0886804268	0.08587506880000001	0.0	0.0196814	-0.0586725	0.400376	0.00578529	0.0009547720000000002	7.28069e-05
16.560379028320312	6.571189880371094	42.22774505615234	1.12499928	19.22345161	1.01295733	0.085658755	-0.057844875700000006	-0.0363402348	0.11087296599999999	0.0348298162	0.0087553275	0.011287924599999999	-0.005600445600000001	-0.0028929790000000004	0.1207581128	0.08045775969999999	0.0669258778	0.0037896458	-0.08883685359999999	0.08649474720000001	0.0	0.017123099999999995	-0.0265623	0.369962	0.00555428	0.000954771	0.000253321
25.532344818115234	6.921773910522461	41.37580490112305	1.22697425	20.96595001	1.04317224	0.14588435000000002	-0.09251597119999999	0.018729248	0.012824993799999998	-0.047100078899999995	0.0334296699	-0.0064225653	0.07642135230000001	0.0366278072	0.1053674803	0.0510451887	0.0236305736	0.0490580092	-0.08897913910000001	0.0870593541	0.0	0.0125543	-0.098833	0.409523	0.00592657	0.0009547720000000002	3.5935e-05
20.73819923400879	0.17519187927246094	39.99261474609375	1.16995466	19.99162674	1.06082833	0.19922625	-0.0392664907	-0.0557556659	-0.0228709359	-0.0079346421	0.043313415599999995	0.09081390439999999	0.0985649252	-0.0862372552	0.0935932175	-0.006153956899999999	-0.0398872605	0.06789949349999999	-0.0891072607	0.0875685299	0.0	0.0224673	-0.155727	0.445678	0.00764215	0.0009547720000000002	0.00024564
16.32832908630371	6.477924346923827	53.01665115356445	1.22760892	20.9767952	1.10858285	0.23288268500000006	-0.0284825208	-0.0546396274	0.0398378489	0.0378638485	0.0596426398	0.0671378609	-0.0006357912	-0.045831036500000005	0.1110667043	0.0742518271	0.039262156	0.047058059400000005	-0.089221198	0.08802195039999999	0.0	0.0225639	-0.0768756	0.380013	0.0060876	0.0009547720000000002	3.47963e-05
17.489259719848633	11.798725128173828	65.59439849853516	1.10240626	18.8373909	0.9754529	0.05574048500000001	-0.10145283949999999	-0.016478132	0.0235329916	-0.0952448374	-0.023049818599999997	0.0842364875	0.0856788841	-0.0015470504	0.075511142	0.06486478030000001	0.1488018045	0.0239402116	-0.08932093279999999	0.0884193269	0.0	0.0225509	-0.0414983	0.37545	0.00583987	0.0009547720000000002	0.00010281000000000003
10.748823165893556	8.547746658325195	73.96707153320312	1.17884636	20.14356422	1.06104136	0.18518942	-0.0898329389	-0.1350893157	0.0375600813	-0.0981343196	-0.0315564881	0.0921810723	0.0580681709	-0.08688736779999999	0.0593206493	0.0212578659	0.029765603199999997	0.0097601949	-0.0894064493	0.0887604064	0.0	0.00651303	-0.132734	0.414466	0.00632042	0.0009547720000000002	0.000400257
39.66610336303711	15.768449783325195	75.50477600097656	1.1930027	20.3854599	1.06494451	0.05747741000000003	-0.113517434	-0.08159509969999999	0.1268059823	-0.072013219	0.0595601849	0.011516937199999999	0.0489701579	-0.037009457999999995	0.09745969289999999	0.1186127868	-0.0351808392	0.0329626949	-0.08947773380000001	0.0890449717	0.0	0.00268757	-0.136018	0.400518	0.00680337	0.0009547720000000002	0.000645706
50.45789337158203	32.112197875976555	63.90771865844727	1.22991002	21.01611519	1.08929372	0.16028982999999997	-0.0923666947	-0.06707955759999999	0.0210575701	-0.1400294159	0.0738540655	-0.10366757210000001	0.11019005470000001	-0.021390176400000002	-0.012762655500000001	0.20572859570000002	0.0758276452	-0.0131893109	-0.08953477509999999	0.0892728417	0.0	0.0043705	-0.0554533	0.376661	0.00577593	0.0009547720000000002	0.000589442
54.80485916137695	34.680068969726555	35.43273162841797	1.14372921	19.54349899	1.05354464	0.08312955999999998	-0.0220164692	-0.0785636316	-0.0056805221999999995	-0.0981718182	0.1339514267	-0.079060166	0.09308691359999999	-0.08153796320000001	-0.046768566799999994	0.2066157562	-0.0025960649	0.0270761379	-0.089577564	0.0894438713	0.0	-0.00231286	-0.0965987	0.395373	0.0055686	0.000897903	0.000521865
49.42721557617188	25.37391662597656	-6.058856964111327	1.30162632	22.24156952	1.15761876	0.22205127	0.050701196	-0.0431349753	0.0058610832	-0.0355573574	0.20146806120000002	-0.17973090579999998	0.0384812385	-0.0994958933	0.0242186279	0.1926558122	-0.1337856169	0.041131184700000004	-0.08960609369999999	0.0895579516	0.0	-0.00435673	-0.17971	0.449467	0.00677792	0.000642838	0.000713522
41.5525016784668	26.85731506347656	-35.953765869140625	1.31415129	22.45558929	1.120821	0.15757551999999997	0.08978544220000001	0.0990169432	0.0220517644	-0.0031896959999999997	0.1776866305	-0.07619355230000001	0.029917590600000002	-0.0009689949	0.039189316200000004	0.2283822027	-0.06848214080000001	0.06594196349999999	-0.08962035970000001	0.0896150099	0.0	0.00218214	-0.103329	0.425719	0.00611438	0.0008311669999999998	0.000547238
